Track Title,Artist,ISRC,Release Date,MLC Status,BMI Status,Copyright Status,Total Streams,Total Earnings USD,Spotify URL,Internal Notes
Will You Listen?,Hawk Eye The Rapper,QZFZ62027665,2020-04-15,Unregistered,Registered,Unfiled,1320,3.91906469,https://open.spotify.com/track/0NfLaGHRzWYCQLzi89Alhu,Imported from EverLight merge
Stay Real,Hawk Eye The Rapper,QZFZ42008686,2020-03-01,Unregistered,Registered,Unfiled,27,0.4006672,https://open.spotify.com/track/4r14gqWSTTjikrJ9Xicdrl,Imported from EverLight merge
Syntax,Hawk Eye The Rapper,QZFZ42008685,2020-03-01,Unregistered,Registered,Unfiled,5,0.34844045,https://open.spotify.com/track/24tzVu4X9ZH93FPIZWybjd,Imported from EverLight merge
Monumental,Hawk Eye The Rapper,QZFZ42008682,2020-03-01,Unregistered,Registered,Unfiled,9,38.22851582,https://open.spotify.com/track/4HD1li1yGAjezX91nHdJMc,Imported from EverLight merge
Haunted,Hawk Eye The Rapper,QZFZ42008681,,Unregistered,Registered,Unfiled,,1.2734600600000001,,Imported from EverLight merge
Ashes,Hawk Eye The Rapper,QZFZ42008680,2020-03-01,Unregistered,Registered,Unfiled,1617,3.71861522,https://open.spotify.com/track/0fOGZtxk6c4Z2HlSmkTtBs,Imported from EverLight merge
Fuck Society,Hawk Eye The Rapper,QZFZ42008679,2020-03-01,Unregistered,Registered,Unfiled,42,0.50963566,https://open.spotify.com/track/1OO7Y5MGQ4igWj0RWplKl9,Imported from EverLight merge
Lifted,Hawk Eye The Rapper,QZFZ42008678,,Unregistered,Registered,Unfiled,,0.28372652,,Imported from EverLight merge
Full Disclosure,Hawk Eye The Rapper,QZFZ42008677,2020-03-01,Unregistered,Registered,Unfiled,1029,5.63973005,https://open.spotify.com/track/6FZy83hBswP0jtm4i5u7tK,Imported from EverLight merge
Shakur (Feat. Zenith),Hawk Eye The Rapper,QZFZ42008675,2020-03-01,Unregistered,Registered,Unfiled,3102,0.044556939999999996,https://open.spotify.com/track/6yhKwvw5a1Uh8MBaxApWgw,Imported from EverLight merge
Shakur (Feat. Zenith),Hawk Eye The Rapper,QZFZ42008675,2020-03-01,Unregistered,Registered,Unfiled,3102,3.06772851,https://open.spotify.com/track/6yhKwvw5a1Uh8MBaxApWgw,Imported from EverLight merge
Swordfish,Hawk Eye The Rapper,QZFZ42008673,2020-03-01,Unregistered,Registered,Unfiled,25,0.93662546,https://open.spotify.com/track/2g2oYmW6mHPN2WHCdBy6zC,Imported from EverLight merge
Spiteful Poetry,Hawk Eye The Rapper,QZDA62424851,2024-03-01,Unregistered,Registered,Unfiled,10,0.12043530000000001,https://open.spotify.com/track/5368x5PO6bpvkeu5EHhP7D,Imported from EverLight merge
Never Heard Of Me?,Hawk Eye The Rapper,QZDA62424850,2024-03-01,Unregistered,Registered,Unfiled,4,0.10902157,https://open.spotify.com/track/6AmMuprXBhU8sG255NA4ge,Imported from EverLight merge
The Game,Hawk Eye The Rapper,QZDA62424852,2024-03-01,Unregistered,Registered,Unfiled,194,0.09320992,https://open.spotify.com/track/3yXvz3aCceoMrmqz7OQ08P,Imported from EverLight merge
Relentless,Hawk Eye The Rapper,QZDA62424849,2024-03-01,Unregistered,Registered,Unfiled,18,0.29534058,https://open.spotify.com/track/7M84VijWzHVML3C3dXk4CU,Imported from EverLight merge
Synthesis,Hawk Eye The Rapper,QZDA62424855,2024-03-01,Unregistered,Registered,Unfiled,45,0.28952100000000003,https://open.spotify.com/track/1fSTlMhIHwI9RpKbEDdAo7,Imported from EverLight merge
When Shit Gets Real,Hawk Eye The Rapper,QZDA62424854,2024-03-01,Unregistered,Registered,Unfiled,287,0.10241666,https://open.spotify.com/track/4DdAfZ2LbJ3VM8DkIrBV40,Imported from EverLight merge
Psychological Warfare,Hawk Eye The Rapper,QZDA62424846,2024-03-01,Unregistered,Registered,Unfiled,49,0.34561079,https://open.spotify.com/track/12HuZZVIPxLcqhhyUSCD3K,Imported from EverLight merge
Krystal Klear,Hawk Eye The Rapper,QZDA62424857,2024-03-01,Unregistered,Registered,Unfiled,2,0.07709558,https://open.spotify.com/track/0AXdz2lRSjEJcRf48PpZ84,Imported from EverLight merge
Reincarnated 2 Resist,Hawk Eye The Rapper,QZFZ22212091,,Unregistered,Registered,Unfiled,,0.03213824,,Imported from EverLight merge
Legion,Hawk Eye The Rapper,QZFZ22212089,,Unregistered,Registered,Unfiled,,0.025783109999999998,,Imported from EverLight merge
Artificial Intelligence,Hawk Eye The Rapper,QZFZ22212088,,Unregistered,Registered,Unfiled,,0.0265016,,Imported from EverLight merge
Avalanche,Hawk Eye The Rapper,QZFZ22212087,,Unregistered,Registered,Unfiled,,0.02110129,,Imported from EverLight merge
Fema,Hawk Eye The Rapper,QZFZ22212085,,Unregistered,Registered,Unfiled,,0.041905990000000004,,Imported from EverLight merge
Implants,Hawk Eye The Rapper,QZFZ22212083,2022-02-22,Unregistered,Registered,Unfiled,3,0.31498201,https://open.spotify.com/track/5s855y5buvUoVg5kgCvuwX,Imported from EverLight merge
Eyes Wide Open,Hawk Eye The Rapper,QZFZ22212081,,Unregistered,Registered,Unfiled,,0.02764382,,Imported from EverLight merge
Soft Disclosure,Hawk Eye The Rapper,QZFZ22212079,,Unregistered,Registered,Unfiled,,0.033855800000000005,,Imported from EverLight merge
The Story Celebrated Throughout Time,Hawk Eye The Rapper,QZHN92001340,2020-07-04,Unregistered,Registered,Unfiled,6,0.73431904,https://open.spotify.com/track/41wdBIQkRjTziGIzC9550X,Imported from EverLight merge
Semi-Automatic,Hawk Eye The Rapper,QZHN92001337,2020-07-04,Unregistered,Registered,Unfiled,11,0.33538403,https://open.spotify.com/track/6u49DhdIeat6Le9rSJDxgl,Imported from EverLight merge
Menace To Society,Hawk Eye The Rapper,QZHN92001336,2020-07-04,Unregistered,Registered,Unfiled,13,0.06522292,https://open.spotify.com/track/7GjvIeAXyU8lvsVMNtQqXd,Imported from EverLight merge
Menace To Society,Hawk Eye The Rapper,QZHN92001336,2020-07-04,Unregistered,Registered,Unfiled,13,0.21492402,https://open.spotify.com/track/7GjvIeAXyU8lvsVMNtQqXd,Imported from EverLight merge
Whistle Blower,Hawk Eye The Rapper,QZHN92001333,2020-07-04,Unregistered,Registered,Unfiled,19,0.4274083,https://open.spotify.com/track/7tLixH2ZfAfMPua05kVodC,Imported from EverLight merge
Kamikaze,Hawk Eye The Rapper,QZHN92001332,2020-07-04,Unregistered,Registered,Unfiled,14,1.50408589,https://open.spotify.com/track/3g3nUnS22VriZaR28NU62a,Imported from EverLight merge
Behold A Pale Horse,Hawk Eye The Rapper,QZHN92001331,2020-07-04,Unregistered,Registered,Unfiled,75,0.37254623000000003,https://open.spotify.com/track/748IebhJaeddTs3h5kSQZv,Imported from EverLight merge
Behold A Pale Horse,Hawk Eye The Rapper,QZHN92001331,2020-07-04,Unregistered,Registered,Unfiled,75,0.85147786,https://open.spotify.com/track/748IebhJaeddTs3h5kSQZv,Imported from EverLight merge
Psyops,Hawk Eye The Rapper,QZHN32092792,,Unregistered,Registered,Unfiled,,0.00411685,,Imported from EverLight merge
Reincarnated 2 Resist,Hawk Eye The Rapper,QZK6L2223964,2022-02-22,Unregistered,Registered,Unfiled,4,0.42766009,https://open.spotify.com/track/7xSqSqlJBybQz7IMWwvPAg,Imported from EverLight merge
Artificial Intelligence,Hawk Eye The Rapper,QZK6L2223961,2022-02-22,Unregistered,Registered,Unfiled,3,0.09885497,https://open.spotify.com/track/13cMf89zkoQMPqVthaWcK9,Imported from EverLight merge
Avalanche,Hawk Eye The Rapper,QZK6L2223960,2022-02-22,Unregistered,Registered,Unfiled,3,0.11406766,https://open.spotify.com/track/4cTvmXGroyu3bm1gKmmujW,Imported from EverLight merge
Illuminati,Hawk Eye The Rapper,QZK6L2223957,2022-02-22,Unregistered,Registered,Unfiled,11,0.56480063,https://open.spotify.com/track/2favysgU7ODHWNTNW377Gd,Imported from EverLight merge
Soft Disclosure,Hawk Eye The Rapper,QZK6L2223953,2022-02-22,Unregistered,Registered,Unfiled,5,0.83938855,https://open.spotify.com/track/2logael92Tte7Pm4NPjjj0,Imported from EverLight merge
Syntax,Hawk Eye The Rapper,QZK6N2262195,2020-03-01,Unregistered,Registered,Unfiled,5,0.05883335,https://open.spotify.com/track/1GM5MJiDfTh9H2qjLmldnV,Imported from EverLight merge
Hocus Pocus,Hawk Eye The Rapper,QZK6N2262194,2020-03-01,Unregistered,Registered,Unfiled,7,0.03320021,https://open.spotify.com/track/3FerBtAqvlCrqf7y6rtp6O,Imported from EverLight merge
Trafficked,Hawk Eye The Rapper,QZK6N2262193,2020-03-01,Unregistered,Registered,Unfiled,5,0.00783568,https://open.spotify.com/track/3uUGLjuE61kUqhhbJ1GupJ,Imported from EverLight merge
Monumental,Hawk Eye The Rapper,QZK6N2262192,2020-03-01,Unregistered,Registered,Unfiled,9,0.06960261,https://open.spotify.com/track/6SRb6U3v3Q8iKlwZlal4yi,Imported from EverLight merge
Ashes,Hawk Eye The Rapper,QZK6N2262190,2020-03-01,Unregistered,Registered,Unfiled,1617,0.09078812,https://open.spotify.com/track/0fBZ5y62TmaVlPC6rUL6nx,Imported from EverLight merge
Fuck Society,Hawk Eye The Rapper,QZK6N2262189,2020-03-01,Unregistered,Registered,Unfiled,42,0.15304693,https://open.spotify.com/track/2sxAWgRJUoeU1ThjuUBXol,Imported from EverLight merge
Lifted,Hawk Eye The Rapper,QZK6N2262188,2020-03-01,Unregistered,Registered,Unfiled,0,0.01015931,https://open.spotify.com/track/74XORZAhujXxGlN231hqLG,Imported from EverLight merge
Full Disclosure,Hawk Eye The Rapper,QZK6N2262187,2020-03-01,Unregistered,Registered,Unfiled,1029,0.25758785,https://open.spotify.com/track/5sXLAyx73vkFX8jD3cOzy1,Imported from EverLight merge
Last One Left,Hawk Eye The Rapper,QZK6N2262186,2020-03-01,Unregistered,Registered,Unfiled,12,0.14395406,https://open.spotify.com/track/5NeC4t9YQXBM0T2fCf7nc7,Imported from EverLight merge
Mic Check,Hawk Eye The Rapper,QZK6N2262184,2020-03-01,Unregistered,Registered,Unfiled,12,0.058089520000000006,https://open.spotify.com/track/5pNYOPXDqxwteWgqjtFzwS,Imported from EverLight merge
Mind Kontrol,Hawk Eye The Rapper,QZFZ62185044,2021-08-06,Unregistered,Registered,Unfiled,4456,1.89652301,https://open.spotify.com/track/4yFsnTXuQOi4TTOedymx9K,Imported from EverLight merge
K.T.,Hawk Eye The Rapper,QZHN92001339,2020-07-04,Unregistered,Registered,Unfiled,27,0.01102962,https://open.spotify.com/track/274qBB2vJqwCsVtpYeorRt,Imported from EverLight merge
K.T.,Hawk Eye The Rapper,QZHN92001339,2020-07-04,Unregistered,Registered,Unfiled,27,0.77031499,https://open.spotify.com/track/274qBB2vJqwCsVtpYeorRt,Imported from EverLight merge
Reverse This Curse,Hawk Eye The Rapper,QZHN92001338,2020-07-04,Unregistered,Registered,Unfiled,20,0.47409389,https://open.spotify.com/track/3GRKhPuSAS8mUV7DfvTG8K,Imported from EverLight merge
Scripture,Hawk Eye The Rapper,QZHN92001335,2020-07-04,Unregistered,Registered,Unfiled,12,1.5312192999999998,https://open.spotify.com/track/5BwXiHyXAoSPFukLr7us5d,Imported from EverLight merge
Superstitions,Hawk Eye The Rapper,QZHN92001334,2020-07-04,Unregistered,Registered,Unfiled,8,0.32665833,https://open.spotify.com/track/73YuNA9lwZZPcSMnk2x29u,Imported from EverLight merge
Warning Shots,Hawk Eye The Rapper,QZHN92001330,2020-07-04,Unregistered,Registered,Unfiled,31,0.83547481,https://open.spotify.com/track/6nzdgDHarZBCPBkrX6veP3,Imported from EverLight merge
Psyops,Hawk Eye The Rapper,QZHN52064806,2020-06-15,Unregistered,Registered,Unfiled,2123,2.96348875,https://open.spotify.com/track/7AwPEndm02E0Eq6PBqPJU9,Imported from EverLight merge
The Story Of Our Former Glory,Hawk Eye The Rapper,QZFZ42008687,2020-03-01,Unregistered,Registered,Unfiled,39,0.04886629,https://open.spotify.com/track/2alcxsiHvhvljYOwjxmTnC,Imported from EverLight merge
The Story Of Our Former Glory,Hawk Eye The Rapper,QZFZ42008687,2020-03-01,Unregistered,Registered,Unfiled,39,0.52469321,https://open.spotify.com/track/2alcxsiHvhvljYOwjxmTnC,Imported from EverLight merge
Hocus Pocus,Hawk Eye The Rapper,QZFZ42008684,2020-03-01,Unregistered,Registered,Unfiled,7,0.49232766,https://open.spotify.com/track/7hRGeHTW8gl1DiL8INc5UP,Imported from EverLight merge
Trafficked,Hawk Eye The Rapper,QZFZ42008683,2020-03-01,Unregistered,Registered,Unfiled,5,0.27413349,https://open.spotify.com/track/0MCQ019vidMAl8uMlYU5O4,Imported from EverLight merge
Last One Left,Hawk Eye The Rapper,QZFZ42008676,2020-03-01,Unregistered,Registered,Unfiled,12,0.43317897,https://open.spotify.com/track/4spEIRqRKvcLGPMJr0EDmy,Imported from EverLight merge
Mic Check,Hawk Eye The Rapper,QZFZ42008674,2020-03-01,Unregistered,Registered,Unfiled,12,0.50868068,https://open.spotify.com/track/4Z91VPiof1rJVlbxk2zNe1,Imported from EverLight merge
When My Elites Surround,Hawk Eye The Rapper,QZK6L2223963,2022-02-22,Unregistered,Registered,Unfiled,5,0.08084799000000001,https://open.spotify.com/track/5rbzER4gvrYXlJTBpzg1MA,Imported from EverLight merge
Legion,Hawk Eye The Rapper,QZK6L2223962,2022-02-22,Unregistered,Registered,Unfiled,7,0.16937377,https://open.spotify.com/track/7M43AIhuEESjAEAv4X8NKq,Imported from EverLight merge
The Antidote,Hawk Eye The Rapper,QZK6L2223959,2022-02-22,Unregistered,Registered,Unfiled,3,0.19247430999999998,https://open.spotify.com/track/6f9ElElKMQD6zInF0ccJrn,Imported from EverLight merge
Fema,Hawk Eye The Rapper,QZK6L2223958,2022-02-22,Unregistered,Registered,Unfiled,4,0.22896979,https://open.spotify.com/track/1bd4daLGkBoep22WBxUrVR,Imported from EverLight merge
Delta Squad,Hawk Eye The Rapper,QZK6L2223956,2022-02-22,Unregistered,Registered,Unfiled,2,0.12174844,https://open.spotify.com/track/5FbFCro8iXeNvOso1E58uI,Imported from EverLight merge
Eyes Wide Open,Hawk Eye The Rapper,QZK6L2223955,2022-02-22,Unregistered,Registered,Unfiled,7,0.29239295,https://open.spotify.com/track/2d4ZezeniD0pTNzpYDmFiq,Imported from EverLight merge
Abreactions,Hawk Eye The Rapper,QZK6L2223954,2022-02-22,Unregistered,Registered,Unfiled,7,0.32067311,https://open.spotify.com/track/5j4OWikBgUQ9jZ8B0xxdQQ,Imported from EverLight merge
The Story Of Our Former Glory,Hawk Eye The Rapper,QZK6N2262197,2020-03-01,Unregistered,Registered,Unfiled,39,0.02426614,https://open.spotify.com/track/1KZa1WpuS56WK3cVNsra6A,Imported from EverLight merge
Stay Real,Hawk Eye The Rapper,QZK6N2262196,2020-03-01,Unregistered,Registered,Unfiled,27,0.03195384,https://open.spotify.com/track/5N1bcN2njJMmk802mkhkhc,Imported from EverLight merge
Haunted,Hawk Eye The Rapper,QZK6N2262191,2020-03-01,Unregistered,Registered,Unfiled,99,0.0696741,https://open.spotify.com/track/2hG22U1xKonxNydtq3JEef,Imported from EverLight merge
Shakur (Feat. Zenith The Queen),Hawk Eye The Rapper,QZK6N2262185,2020-03-01,Unregistered,Registered,Unfiled,5,0.05912176,https://open.spotify.com/track/3yeWNjSJSpk5CIjcO32BXq,Imported from EverLight merge
Swordfish,Hawk Eye The Rapper,QZK6N2262183,2020-03-01,Unregistered,Registered,Unfiled,25,0.19159958,https://open.spotify.com/track/4woC99jeKXmh0Ep5JczdKM,Imported from EverLight merge
When My Elites Surround,Hawk Eye The Rapper,QZFZ22212090,,Unregistered,Registered,Unfiled,,0.02363673,,Imported from EverLight merge
The Antidote,Hawk Eye The Rapper,QZFZ22212086,,Unregistered,Registered,Unfiled,,0.027066390000000003,,Imported from EverLight merge
Illuminati,Hawk Eye The Rapper,QZFZ22212084,,Unregistered,Registered,Unfiled,,0.052184060000000004,,Imported from EverLight merge
Delta Squad,Hawk Eye The Rapper,QZFZ22212082,,Unregistered,Registered,Unfiled,,0.04014216,,Imported from EverLight merge
Abreactions,Hawk Eye The Rapper,QZFZ22212080,,Unregistered,Registered,Unfiled,,0.038087010000000004,,Imported from EverLight merge
Incantations,Hawk Eye The Rapper,QZFZ42192650,2021-03-01,Unregistered,Registered,Unfiled,8960,11.4658944,https://open.spotify.com/track/7izCBXtpTqE0xoo1FFEVI6,Imported from EverLight merge
The Shadow Is Rising,Hawk Eye The Rapper,QZDA62424853,2024-03-01,Unregistered,Registered,Unfiled,0,0.14371146,https://open.spotify.com/track/4jyKGtYlwxKbfTreJIIYAj,Imported from EverLight merge
The Devil'S In The Details,Hawk Eye The Rapper,QZWFN2366283,2023-12-17,Unregistered,Registered,Unfiled,41,0.45249882,https://open.spotify.com/track/4qLWIorju7kf1KqIYiLmSK,Imported from EverLight merge
Domestic Terrorist,Hawk Eye The Rapper,QZDA62424848,2024-03-01,Unregistered,Registered,Unfiled,8,0.1243434,https://open.spotify.com/track/1SNxLoFcHnMD8pPn29rGYO,Imported from EverLight merge
Down The Rabbit Hole,Hawk Eye The Rapper,QZDA62424847,2024-03-01,Unregistered,Registered,Unfiled,1013,0.16978085,https://open.spotify.com/track/6mGVIMtzuvVZgAhv8bgeQX,Imported from EverLight merge
Invokation,Hawk Eye The Rapper,QZDA62424856,2024-03-01,Unregistered,Registered,Unfiled,0,0.049904250000000004,https://open.spotify.com/track/2sJciHjwwkvHXT7F4JtgFx,Imported from EverLight merge
Will You Listen?,Hawk Eye,,,Unregistered,Registered,Unfiled,,,,Imported from EverLight merge
Soft Disclosure,Hawk Eye The Rapper,OZFZ22212079,2022-02-22,Unregistered,Registered,Unfiled,5,0.1364844,https://open.spotify.com/track/6pBLnpC8x0kovPKCuP4dva,Imported from EverLight merge
Abreactions,Hawk Eye The Rapper,OZFZ22212080,2022-02-22,Unregistered,Registered,Unfiled,7,0.05396438,https://open.spotify.com/track/4X0wt71VZ7xjbCjk1gXVkq,Imported from EverLight merge
Eyes Wide Open,Hawk Eye The Rapper,OZFZ22212081,2022-02-22,Unregistered,Registered,Unfiled,7,0.04659014,https://open.spotify.com/track/0of19k6Zwf14idMGWecZC7,Imported from EverLight merge
Delta Squad,Hawk Eye The Rapper,OZFZ22212082,2022-02-22,Unregistered,Registered,Unfiled,2,0.04041149,https://open.spotify.com/track/6poqzqhEoHDdz1OtWy5iMG,Imported from EverLight merge
Implants,Hawk Eye The Rapper,OZFZ22212083,2022-02-22,Unregistered,Registered,Unfiled,3,0.0539689,https://open.spotify.com/track/7sa5oqIJKQ4rZiu9t4GxoG,Imported from EverLight merge
Illuminati,Hawk Eye The Rapper,OZFZ22212084,2022-02-22,Unregistered,Registered,Unfiled,11,0.029941050000000004,https://open.spotify.com/track/2TOORRBprc2GGfR0BH6DBl,Imported from EverLight merge
FEMA,Hawk Eye The Rapper,OZFZ22212085,2022-02-22,Unregistered,Registered,Unfiled,4,0.06357650000000001,https://open.spotify.com/track/1GHZt3uGiPqzfCBPsfi2rG,Imported from EverLight merge
The Antidote,Hawk Eye The Rapper,OZFZ22212086,2022-02-22,Unregistered,Registered,Unfiled,3,0.0404763,https://open.spotify.com/track/4kLIq0MfaoCWZ9hAQK1R8y,Imported from EverLight merge
Avalanche,Hawk Eye The Rapper,OZFZ22212087,2022-02-22,Unregistered,Registered,Unfiled,3,0.031652400000000004,https://open.spotify.com/track/420A8fqzggEDQxNbR6j6XK,Imported from EverLight merge
Artificial Intelligence,Hawk Eye The Rapper,OZFZ22212088,2022-02-22,Unregistered,Registered,Unfiled,3,0.02346747,https://open.spotify.com/track/7eHLJSpcSOs22ob1AOJlsw,Imported from EverLight merge
Legion,Hawk Eye The Rapper,OZFZ22212089,2022-02-22,Unregistered,Registered,Unfiled,7,0.045227420000000004,https://open.spotify.com/track/161njbe4SpCuM7Wp6QB5ad,Imported from EverLight merge
When My Elites Surround,Hawk Eye The Rapper,OZFZ22212090,2022-02-22,Unregistered,Registered,Unfiled,9,0.04010446,https://open.spotify.com/track/5dTa5LC4UXRwJEB5hH82Se,Imported from EverLight merge
Reincarnated 2 Resist,Hawk Eye The Rapper,OZFZ22212091,2022-02-22,Unregistered,Registered,Unfiled,2,0.05451905,https://open.spotify.com/track/7dAIyZKHHVLXNPkw6fI4gS,Imported from EverLight merge
Warning Shots,Hawk Eye The Rapper,OZHN92001330,2020-07-04,Unregistered,Registered,Unfiled,31,0.17399364,https://open.spotify.com/track/2PhKTFEKkueJGmKTl9D1Z1,Imported from EverLight merge
Behold A Pale Horse,Hawk Eye The Rapper,OZHN92001331,2020-07-04,Unregistered,Registered,Unfiled,75,0.6202111,https://open.spotify.com/track/4n3DsiVC637XqPS2PhmsP8,Imported from EverLight merge
Kamikaze,Hawk Eye The Rapper,OZHN92001332,2020-07-04,Unregistered,Registered,Unfiled,14,0.05501745,https://open.spotify.com/track/306ZIlTTebmN2ieR7XqndI,Imported from EverLight merge
Whistle Blower,Hawk Eye The Rapper,OZHN92001333,2020-07-04,Unregistered,Registered,Unfiled,19,0.05467947,https://open.spotify.com/track/49ytIv2L7GHenGHrlqZCAU,Imported from EverLight merge
Superstitions,Hawk Eye The Rapper,OZHN92001334,2020-07-04,Unregistered,Registered,Unfiled,8,0.10797852,https://open.spotify.com/track/3CNad3CNcyBqBkwHxFSdnY,Imported from EverLight merge
Scripture,Hawk Eye The Rapper,OZHN92001335,2020-07-04,Unregistered,Registered,Unfiled,12,0.04770663,https://open.spotify.com/track/4tKV0t2HfrQCBE5eHMvWCT,Imported from EverLight merge
Menace To Society,Hawk Eye The Rapper,OZHN92001336,2020-07-04,Unregistered,Registered,Unfiled,13,0.04722601,https://open.spotify.com/track/77XLJB1ylWZ7h2fG1TShar,Imported from EverLight merge
Semi-Automatic,Hawk Eye The Rapper,OZHN92001337,2020-07-04,Unregistered,Registered,Unfiled,11,0.041683399999999995,https://open.spotify.com/track/3B36n2vhA16ZgAX5cJzvSV,Imported from EverLight merge
Reverse This Curse,Hawk Eye The Rapper,OZHN92001338,2020-07-04,Unregistered,Registered,Unfiled,20,0.06747507,https://open.spotify.com/track/3GVwZibF4J5S9Dg6PVozvD,Imported from EverLight merge
K.T.,Hawk Eye The Rapper,OZHN92001339,2020-07-04,Unregistered,Registered,Unfiled,27,1.84350777,https://open.spotify.com/track/4fwfyVeHS18xNr1Ct1pDZ6,Imported from EverLight merge
The Story Celebrated Throughout Time,Hawk Eye The Rapper,OZHN92001340,2020-07-04,Unregistered,Registered,Unfiled,6,0.44459713,https://open.spotify.com/track/2TgO2hzlbENhBdEmJajSAG,Imported from EverLight merge
Malicious,Hawk Eye The Rapper,QZDA62408794,2024-02-22,Unregistered,Registered,Unfiled,0,0.023822760000000002,https://open.spotify.com/track/6nGsJU8LMuaA0JGV24BiOf,Imported from EverLight merge
Gang Shit,Hawk Eye The Rapper,QZDA62408795,2024-02-22,Unregistered,Registered,Unfiled,1,0.03946476,https://open.spotify.com/track/2DrwSznlkya4toSKsXGBMt,Imported from EverLight merge
The MotherFucking Problem,Hawk Eye The Rapper,QZDA62408796,2024-02-22,Unregistered,Registered,Unfiled,9,0.06166792,https://open.spotify.com/track/1GoTB6vVUwjGzQNzvTzcpm,Imported from EverLight merge
I'm Him,Hawk Eye The Rapper,QZDA62408797,2024-02-22,Unregistered,Registered,Unfiled,1,0.03987109,https://open.spotify.com/track/1zJjtFxDjxIAEUY7ngnsk8,Imported from EverLight merge
Return Of Kings,Hawk Eye The Rapper,QZHNB2443344,,Unregistered,Registered,Unfiled,,0.06894181,,Imported from EverLight merge
The Vow,Hawk Eye The Rapper,QZK6G2540773,,Unregistered,Registered,Unfiled,,0.07417765,,Imported from EverLight merge
Politicians (feat. Symba),Hawk Eye The Rapper,QZZ762479215,2024-11-06,Unregistered,Registered,Unfiled,0,0.29903775,https://open.spotify.com/track/5zVezqopine9WqJFWeAUxp,Imported from EverLight merge
