project,arc,arc_type,sequence,top_folder,path,name,size_bytes,modified_utc,mapped_by,needs_review
The Black Swan Accords – Daughter of the Dawn,Book 2 - TBD,book,3,.ipynb_checkpoints,.ipynb_checkpoints/FormingTheAccords-checkpoint.ipynb,FormingTheAccords-checkpoint.ipynb,49188,2025-11-22T01:28:59.602523+00:00,default,yes
The Black Swan Accords – Daughter of the Dawn,Book 2 - TBD,book,3,.ipynb_checkpoints,.ipynb_checkpoints/MANUSKRIPT-checkpoint,MANUSKRIPT-checkpoint,11,2025-11-14T21:37:29.534691+00:00,default,yes
The Black Swan Accords – Daughter of the Dawn,Book 2 - TBD,book,3,.ipynb_checkpoints,.ipynb_checkpoints/Omniversal Aether_ Magnetic Map-checkpoint.png,Omniversal Aether_ Magnetic Map-checkpoint.png,2027603,2025-11-14T21:37:29.538691+00:00,default,yes
The Black Swan Accords – Daughter of the Dawn,Book 2 - TBD,book,3,.ipynb_checkpoints,.ipynb_checkpoints/blackswan-checkpoint.txt,blackswan-checkpoint.txt,4518,2025-11-15T10:32:53.981278+00:00,default,yes
The Black Swan Accords – Daughter of the Dawn,Book 2 - TBD,book,3,.ipynb_checkpoints,.ipynb_checkpoints/infos-checkpoint.txt,infos-checkpoint.txt,245,2025-11-14T21:37:29.541904+00:00,default,yes
The Black Swan Accords – Daughter of the Dawn,Book 2 - TBD,book,3,.ipynb_checkpoints,.ipynb_checkpoints/labels-checkpoint.txt,labels-checkpoint.txt,44,2025-11-14T21:37:29.541904+00:00,default,yes
The Black Swan Accords – Daughter of the Dawn,Book 2 - TBD,book,3,.ipynb_checkpoints,.ipynb_checkpoints/plots-checkpoint.xml,plots-checkpoint.xml,516,2025-11-14T21:37:29.542433+00:00,default,yes
The Black Swan Accords – Daughter of the Dawn,Book 2 - TBD,book,3,.ipynb_checkpoints,.ipynb_checkpoints/settings-checkpoint.txt,settings-checkpoint.txt,110,2025-11-15T10:26:56.767136+00:00,default,yes
The Black Swan Accords – Daughter of the Dawn,Book 2 - TBD,book,3,.ipynb_checkpoints,.ipynb_checkpoints/status-checkpoint.txt,status-checkpoint.txt,254,2025-11-14T21:37:29.542433+00:00,default,yes
The Black Swan Accords – Daughter of the Dawn,Book 2 - TBD,book,3,.ipynb_checkpoints,.ipynb_checkpoints/summary-checkpoint.txt,summary-checkpoint.txt,595,2025-11-15T10:26:56.766136+00:00,default,yes
The Black Swan Accords – Daughter of the Dawn,Book 2 - TBD,book,3,.ipynb_checkpoints,.ipynb_checkpoints/test_from_diana-checkpoint.txt,test_from_diana-checkpoint.txt,0,2025-11-15T10:24:27.060331+00:00,default,yes
The Black Swan Accords – Daughter of the Dawn,Book 2 - TBD,book,3,.ipynb_checkpoints,.ipynb_checkpoints/world-checkpoint.opml,world-checkpoint.opml,762,2025-11-14T21:37:29.542433+00:00,default,yes
The Black Swan Accords – Daughter of the Dawn,Book 2 - TBD,book,3,00_Root_Notebook,00_Root_Notebook/.ipynb_checkpoints/Black_Swan_Accords_Notebook-checkpoint.ipynb,Black_Swan_Accords_Notebook-checkpoint.ipynb,8822,2025-11-22T02:03:11.562466+00:00,default,yes
The Black Swan Accords – Daughter of the Dawn,Book 2 - TBD,book,3,00_Root_Notebook,00_Root_Notebook/Black_Swan_Accords_Notebook.ipynb,Black_Swan_Accords_Notebook.ipynb,8822,2025-11-22T02:03:11.562466+00:00,default,yes
The Black Swan Accords – Daughter of the Dawn,Book 2 - TBD,book,3,00_Root_Notebook,00_Root_Notebook/EverLight_notes/.ipynb_checkpoints/On_Elves_And_StarSeeds-checkpoint.ipynb,On_Elves_And_StarSeeds-checkpoint.ipynb,74801,2025-11-22T01:29:22.103376+00:00,default,yes
The Black Swan Accords – Daughter of the Dawn,Book 2 - TBD,book,3,00_Root_Notebook,00_Root_Notebook/EverLight_notes/On_Elves_And_StarSeeds.ipynb,On_Elves_And_StarSeeds.ipynb,74801,2025-11-22T01:29:22.103376+00:00,default,yes
The Black Swan Accords – Daughter of the Dawn,Book 2 - TBD,book,3,00_Root_Notebook,00_Root_Notebook/Gemini_SWAN-accords.md,Gemini_SWAN-accords.md,21425,2025-11-14T21:37:29.505201+00:00,default,yes
The Black Swan Accords – Daughter of the Dawn,Book 2 - TBD,book,3,00_Root_Notebook,00_Root_Notebook/Gemini_SWAN-accords.pdf,Gemini_SWAN-accords.pdf,233773,2025-11-14T21:37:29.506692+00:00,default,yes
The Black Swan Accords – Daughter of the Dawn,Book 2 - TBD,book,3,00_Root_Notebook,00_Root_Notebook/Master_Dashboard.md,Master_Dashboard.md,2426,2025-11-14T21:37:29.539930+00:00,default,yes
The Black Swan Accords – Daughter of the Dawn,Book 2 - TBD,book,3,00_Root_Notebook,00_Root_Notebook/The Black Swan Accords.pdf,The Black Swan Accords.pdf,4551389,2025-11-14T21:37:29.517692+00:00,default,yes
The Black Swan Accords – Daughter of the Dawn,Book 2 - TBD,book,3,00_Root_Notebook,00_Root_Notebook/When First They Came - Comprehensive Outline.docx,When First They Came - Comprehensive Outline.docx,15199,2025-11-14T21:37:29.518692+00:00,default,yes
The Black Swan Accords – Daughter of the Dawn,Book 2 - TBD,book,3,00_Root_Notebook,00_Root_Notebook/characters/Diana_Swan.txt,Diana_Swan.txt,281,2025-11-14T21:37:29.541068+00:00,default,yes
The Black Swan Accords – Daughter of the Dawn,VALOR Series,series,2,01_VALOR,01_VALOR/00_Series_Master/.ipynb_checkpoints/Master-checkpoint.ipynb,Master-checkpoint.ipynb,1235,2025-11-22T02:03:08.460490+00:00,top_folder:01_VALOR,no
The Black Swan Accords – Daughter of the Dawn,VALOR Series,series,2,01_VALOR,01_VALOR/00_Series_Master/Master.ipynb,Master.ipynb,1235,2025-11-22T02:03:08.460490+00:00,top_folder:01_VALOR,no
The Black Swan Accords – Daughter of the Dawn,VALOR Series,series,2,01_VALOR,01_VALOR/00_Series_Master/characters/Gareth.txt,Gareth.txt,325,2025-11-14T21:37:29.541068+00:00,top_folder:01_VALOR,no
The Black Swan Accords – Daughter of the Dawn,VALOR Series,series,2,01_VALOR,01_VALOR/00_Series_Master/characters/Selene.txt,Selene.txt,374,2025-11-14T21:37:29.541068+00:00,top_folder:01_VALOR,no
The Black Swan Accords – Daughter of the Dawn,VALOR Series,series,2,01_VALOR,01_VALOR/00_Series_Master/outline/01-The_Sword_at_First_Light/0-Scene_1.md,0-Scene_1.md,621,2025-11-14T21:37:29.541384+00:00,top_folder:01_VALOR,no
The Black Swan Accords – Daughter of the Dawn,VALOR Series,series,2,01_VALOR,01_VALOR/00_Series_Master/outline/01-The_Sword_at_First_Light/1-Scene_2.md,1-Scene_2.md,542,2025-11-14T21:37:29.541457+00:00,top_folder:01_VALOR,no
The Black Swan Accords – Daughter of the Dawn,VALOR Series,series,2,01_VALOR,01_VALOR/00_Series_Master/outline/01-The_Sword_at_First_Light/2-Scene_3.md,2-Scene_3.md,624,2025-11-14T21:37:29.541457+00:00,top_folder:01_VALOR,no
The Black Swan Accords – Daughter of the Dawn,VALOR Series,series,2,01_VALOR,01_VALOR/00_Series_Master/outline/01-The_Sword_at_First_Light/3-Scene_4.md,3-Scene_4.md,560,2025-11-14T21:37:29.541457+00:00,top_folder:01_VALOR,no
The Black Swan Accords – Daughter of the Dawn,VALOR Series,series,2,01_VALOR,01_VALOR/00_Series_Master/outline/01-The_Sword_at_First_Light/4-Scene_5.md,4-Scene_5.md,487,2025-11-14T21:37:29.541457+00:00,top_folder:01_VALOR,no
The Black Swan Accords – Daughter of the Dawn,VALOR Series,series,2,01_VALOR,01_VALOR/00_Series_Master/outline/01-The_Sword_at_First_Light/folder.txt,folder.txt,306,2025-11-14T21:37:29.541457+00:00,top_folder:01_VALOR,no
The Black Swan Accords – Daughter of the Dawn,VALOR Series,series,2,01_VALOR,01_VALOR/01_When_First_They_Came/Master.ipynb,Master.ipynb,1676,2025-11-22T01:23:39.112682+00:00,top_folder:01_VALOR,no
The Black Swan Accords – Daughter of the Dawn,VALOR Series,series,2,01_VALOR,01_VALOR/01_When_First_They_Came/metadata.json,metadata.json,453,2025-11-22T01:27:05.371391+00:00,top_folder:01_VALOR,no
The Black Swan Accords – Daughter of the Dawn,VALOR Series,series,2,01_VALOR,01_VALOR/02_What_It_Cost/Master.ipynb,Master.ipynb,1681,2025-11-22T01:23:39.114271+00:00,top_folder:01_VALOR,no
The Black Swan Accords – Daughter of the Dawn,VALOR Series,series,2,01_VALOR,01_VALOR/02_What_It_Cost/metadata.json,metadata.json,448,2025-11-22T01:27:05.371598+00:00,top_folder:01_VALOR,no
The Black Swan Accords – Daughter of the Dawn,VALOR Series,series,2,01_VALOR,01_VALOR/03_How_We_Changed/Master.ipynb,Master.ipynb,1804,2025-11-22T01:23:39.115777+00:00,top_folder:01_VALOR,no
The Black Swan Accords – Daughter of the Dawn,VALOR Series,series,2,01_VALOR,01_VALOR/03_How_We_Changed/metadata.json,metadata.json,482,2025-11-22T01:27:05.371706+00:00,top_folder:01_VALOR,no
The Black Swan Accords – Daughter of the Dawn,The Unveiling Series,series,4,02_The_Unveiling,02_The_Unveiling/00_Series_Master/Master.ipynb,Master.ipynb,1985,2025-11-22T01:23:39.116688+00:00,top_folder:02_The_Unveiling,no
The Black Swan Accords – Daughter of the Dawn,The Unveiling Series,series,4,02_The_Unveiling,02_The_Unveiling/00_Series_Master/characters/Kalina.txt,Kalina.txt,300,2025-11-14T21:37:29.541068+00:00,top_folder:02_The_Unveiling,no
The Black Swan Accords – Daughter of the Dawn,The Unveiling Series,series,4,02_The_Unveiling,02_The_Unveiling/01_First_Light/Master.ipynb,Master.ipynb,1808,2025-11-22T01:23:39.118171+00:00,top_folder:02_The_Unveiling,no
The Black Swan Accords – Daughter of the Dawn,The Unveiling Series,series,4,02_The_Unveiling,02_The_Unveiling/01_First_Light/metadata.json,metadata.json,501,2025-11-22T01:27:05.371805+00:00,top_folder:02_The_Unveiling,no
The Black Swan Accords – Daughter of the Dawn,The Unveiling Series,series,4,02_The_Unveiling,02_The_Unveiling/01_First_Light/🌍 Worldbuilding/GreatBlue Dragons.md,GreatBlue Dragons.md,38,2025-11-14T21:37:29.531837+00:00,top_folder:02_The_Unveiling,no
The Black Swan Accords – Daughter of the Dawn,The Unveiling Series,series,4,02_The_Unveiling,02_The_Unveiling/01_First_Light/🌍 Worldbuilding/The Five Spheres.md,The Five Spheres.md,64,2025-11-14T21:37:29.531917+00:00,top_folder:02_The_Unveiling,no
The Black Swan Accords – Daughter of the Dawn,The Unveiling Series,series,4,02_The_Unveiling,02_The_Unveiling/01_First_Light/👤 Characters/Halana.md,Halana.md,55,2025-11-14T21:37:29.531917+00:00,top_folder:02_The_Unveiling,no
The Black Swan Accords – Daughter of the Dawn,The Unveiling Series,series,4,02_The_Unveiling,02_The_Unveiling/01_First_Light/👤 Characters/Zahara Marshall.md,Zahara Marshall.md,48,2025-11-14T21:37:29.532008+00:00,top_folder:02_The_Unveiling,no
The Black Swan Accords – Daughter of the Dawn,The Unveiling Series,series,4,02_The_Unveiling,02_The_Unveiling/01_First_Light/📅 Writing Log/April 2025.md,April 2025.md,70,2025-11-14T21:37:29.532008+00:00,top_folder:02_The_Unveiling,no
The Black Swan Accords – Daughter of the Dawn,The Unveiling Series,series,4,02_The_Unveiling,02_The_Unveiling/01_First_Light/📜 Chapters/Chapter 1 - Zahara's Awakening.md,Chapter 1 - Zahara's Awakening.md,53,2025-11-14T21:37:29.532008+00:00,top_folder:02_The_Unveiling,no
The Black Swan Accords – Daughter of the Dawn,The Unveiling Series,series,4,02_The_Unveiling,02_The_Unveiling/01_First_Light/🧩 Plot & Arcs/Overall Arc.md,Overall Arc.md,47,2025-11-14T21:37:29.532008+00:00,top_folder:02_The_Unveiling,no
The Black Swan Accords – Daughter of the Dawn,The Unveiling Series,series,4,02_The_Unveiling,02_The_Unveiling/01_First_Light/🧭 Dashboard/Dashboard.md,Dashboard.md,559,2025-11-14T21:37:29.532008+00:00,top_folder:02_The_Unveiling,no
The Black Swan Accords – Daughter of the Dawn,The Unveiling Series,series,4,02_The_Unveiling,02_The_Unveiling/02_Forgotten_Knowledge/Master.ipynb,Master.ipynb,1677,2025-11-22T01:23:39.119649+00:00,top_folder:02_The_Unveiling,no
The Black Swan Accords – Daughter of the Dawn,The Unveiling Series,series,4,02_The_Unveiling,02_The_Unveiling/02_Forgotten_Knowledge/metadata.json,metadata.json,452,2025-11-22T01:27:05.371894+00:00,top_folder:02_The_Unveiling,no
The Black Swan Accords – Daughter of the Dawn,The Unveiling Series,series,4,02_The_Unveiling,02_The_Unveiling/03_Constructing_The_Box/Master.ipynb,Master.ipynb,1683,2025-11-22T01:23:39.121197+00:00,top_folder:02_The_Unveiling,no
The Black Swan Accords – Daughter of the Dawn,The Unveiling Series,series,4,02_The_Unveiling,02_The_Unveiling/03_Constructing_The_Box/metadata.json,metadata.json,458,2025-11-22T01:27:05.371980+00:00,top_folder:02_The_Unveiling,no
The Black Swan Accords – Daughter of the Dawn,The Unveiling Series,series,4,02_The_Unveiling,02_The_Unveiling/04_A_Time_For_Healing/Master.ipynb,Master.ipynb,1683,2025-11-22T01:23:39.122696+00:00,top_folder:02_The_Unveiling,no
The Black Swan Accords – Daughter of the Dawn,The Unveiling Series,series,4,02_The_Unveiling,02_The_Unveiling/04_A_Time_For_Healing/metadata.json,metadata.json,458,2025-11-22T01:27:05.372067+00:00,top_folder:02_The_Unveiling,no
The Black Swan Accords – Daughter of the Dawn,The Unveiling Series,series,4,02_The_Unveiling,02_The_Unveiling/05_Sacred_Garden/Master.ipynb,Master.ipynb,1649,2025-11-22T01:23:39.124144+00:00,top_folder:02_The_Unveiling,no
The Black Swan Accords – Daughter of the Dawn,The Unveiling Series,series,4,02_The_Unveiling,02_The_Unveiling/05_Sacred_Garden/metadata.json,metadata.json,424,2025-11-22T01:27:05.372153+00:00,top_folder:02_The_Unveiling,no
The Black Swan Accords – Daughter of the Dawn,The Unveiling Series,series,4,02_The_Unveiling,02_The_Unveiling/06_If_Any_Hath_An_Ear/Master.ipynb,Master.ipynb,1569,2025-11-22T01:23:39.124602+00:00,top_folder:02_The_Unveiling,no
The Black Swan Accords – Daughter of the Dawn,The Unveiling Series,series,4,02_The_Unveiling,02_The_Unveiling/06_If_Any_Hath_An_Ear/metadata.json,metadata.json,413,2025-11-22T01:27:05.372251+00:00,top_folder:02_The_Unveiling,no
The Black Swan Accords – Daughter of the Dawn,The Unveiling Series,series,4,02_The_Unveiling,02_The_Unveiling/07_Sun_Moon_And_Stars/Master.ipynb,Master.ipynb,1681,2025-11-22T01:23:39.127061+00:00,top_folder:02_The_Unveiling,no
The Black Swan Accords – Daughter of the Dawn,The Unveiling Series,series,4,02_The_Unveiling,02_The_Unveiling/07_Sun_Moon_And_Stars/metadata.json,metadata.json,448,2025-11-22T01:27:05.372358+00:00,top_folder:02_The_Unveiling,no
The Black Swan Accords – Daughter of the Dawn,The Unveiling Series,series,4,02_The_Unveiling,02_The_Unveiling/08_Ending_The_War/Master.ipynb,Master.ipynb,1651,2025-11-22T01:23:39.128455+00:00,top_folder:02_The_Unveiling,no
The Black Swan Accords – Daughter of the Dawn,The Unveiling Series,series,4,02_The_Unveiling,02_The_Unveiling/08_Ending_The_War/metadata.json,metadata.json,424,2025-11-22T01:27:05.372443+00:00,top_folder:02_The_Unveiling,no
The Black Swan Accords – Daughter of the Dawn,The Unveiling Series,series,4,02_The_Unveiling,02_The_Unveiling/09_Wisdom_Cries/Master.ipynb,Master.ipynb,1554,2025-11-22T01:23:39.129892+00:00,top_folder:02_The_Unveiling,no
The Black Swan Accords – Daughter of the Dawn,The Unveiling Series,series,4,02_The_Unveiling,02_The_Unveiling/09_Wisdom_Cries/metadata.json,metadata.json,404,2025-11-22T01:27:05.372528+00:00,top_folder:02_The_Unveiling,no
The Black Swan Accords – Daughter of the Dawn,The Unveiling Series,series,4,02_The_Unveiling,02_The_Unveiling/10_Engineering_Eternity/Master.ipynb,Master.ipynb,1585,2025-11-22T01:23:39.131311+00:00,top_folder:02_The_Unveiling,no
The Black Swan Accords – Daughter of the Dawn,The Unveiling Series,series,4,02_The_Unveiling,02_The_Unveiling/10_Engineering_Eternity/metadata.json,metadata.json,435,2025-11-22T01:27:05.372619+00:00,top_folder:02_The_Unveiling,no
The Black Swan Accords – Daughter of the Dawn,The Unveiling Series,series,4,02_The_Unveiling,02_The_Unveiling/11_Reversing_The_Curse/Master.ipynb,Master.ipynb,1572,2025-11-22T01:23:39.132762+00:00,top_folder:02_The_Unveiling,no
The Black Swan Accords – Daughter of the Dawn,The Unveiling Series,series,4,02_The_Unveiling,02_The_Unveiling/11_Reversing_The_Curse/metadata.json,metadata.json,422,2025-11-22T01:27:05.372703+00:00,top_folder:02_The_Unveiling,no
The Black Swan Accords – Daughter of the Dawn,The Unveiling Series,series,4,02_The_Unveiling,02_The_Unveiling/12_Emerging_From_Darkness/Master.ipynb,Master.ipynb,1580,2025-11-22T01:23:39.134768+00:00,top_folder:02_The_Unveiling,no
The Black Swan Accords – Daughter of the Dawn,The Unveiling Series,series,4,02_The_Unveiling,02_The_Unveiling/12_Emerging_From_Darkness/metadata.json,metadata.json,430,2025-11-22T01:27:05.372787+00:00,top_folder:02_The_Unveiling,no
The Black Swan Accords – Daughter of the Dawn,The Unveiling Series,series,4,02_The_Unveiling,02_The_Unveiling/🌍 Worldbuilding/GreatBlue Dragons.md,GreatBlue Dragons.md,38,2025-11-14T21:37:29.540408+00:00,top_folder:02_The_Unveiling,no
The Black Swan Accords – Daughter of the Dawn,The Unveiling Series,series,4,02_The_Unveiling,02_The_Unveiling/🌍 Worldbuilding/The Five Spheres.md,The Five Spheres.md,64,2025-11-14T21:37:29.540478+00:00,top_folder:02_The_Unveiling,no
The Black Swan Accords – Daughter of the Dawn,The Unveiling Series,series,4,02_The_Unveiling,02_The_Unveiling/📅 Writing Log/April 2025.md,April 2025.md,70,2025-11-14T21:37:29.540593+00:00,top_folder:02_The_Unveiling,no
The Black Swan Accords – Daughter of the Dawn,The Unveiling Series,series,4,02_The_Unveiling,02_The_Unveiling/📜 Chapters/Chapter 1 - Zahara's Awakening.md,Chapter 1 - Zahara's Awakening.md,53,2025-11-14T21:37:29.540593+00:00,top_folder:02_The_Unveiling,no
The Black Swan Accords – Daughter of the Dawn,The Unveiling Series,series,4,02_The_Unveiling,02_The_Unveiling/🧩 Plot & Arcs/Overall Arc.md,Overall Arc.md,47,2025-11-14T21:37:29.540593+00:00,top_folder:02_The_Unveiling,no
The Black Swan Accords – Daughter of the Dawn,The Unveiling Series,series,4,02_The_Unveiling,02_The_Unveiling/🧩 Plot /Halana.md,Halana.md,55,2025-11-14T21:37:29.540478+00:00,top_folder:02_The_Unveiling,no
The Black Swan Accords – Daughter of the Dawn,The Unveiling Series,series,4,02_The_Unveiling,02_The_Unveiling/🧩 Plot /Zahara Marshall.md,Zahara Marshall.md,48,2025-11-14T21:37:29.540593+00:00,top_folder:02_The_Unveiling,no
The Black Swan Accords – Daughter of the Dawn,The Unveiling Series,series,4,02_The_Unveiling,02_The_Unveiling/🧭 Dashboard/Dashboard.md,Dashboard.md,559,2025-11-14T21:37:29.540593+00:00,top_folder:02_The_Unveiling,no
The Black Swan Accords – Daughter of the Dawn,The Nightfall Series,series,6,03_Nightfall,03_Nightfall/00_Series_Master/Master.ipynb,Master.ipynb,1199,2025-11-22T01:23:39.135650+00:00,top_folder:03_Nightfall,no
The Black Swan Accords – Daughter of the Dawn,The Nightfall Series,series,6,03_Nightfall,03_Nightfall/00_Series_Master/characters/Brian_McCord.txt,Brian_McCord.txt,310,2025-11-14T21:37:29.540985+00:00,top_folder:03_Nightfall,no
The Black Swan Accords – Daughter of the Dawn,The Nightfall Series,series,6,03_Nightfall,03_Nightfall/00_Series_Master/characters/Fenningway.txt,Fenningway.txt,510,2025-11-14T21:37:29.540114+00:00,top_folder:03_Nightfall,no
The Black Swan Accords – Daughter of the Dawn,The Nightfall Series,series,6,03_Nightfall,03_Nightfall/00_Series_Master/characters/Harker.txt,Harker.txt,455,2025-11-14T21:37:29.540114+00:00,top_folder:03_Nightfall,no
The Black Swan Accords – Daughter of the Dawn,The Nightfall Series,series,6,03_Nightfall,03_Nightfall/00_Series_Master/characters/Nastaku.txt,Nastaku.txt,253,2025-11-14T21:37:29.541068+00:00,top_folder:03_Nightfall,no
The Black Swan Accords – Daughter of the Dawn,The Nightfall Series,series,6,03_Nightfall,03_Nightfall/00_Series_Master/characters/Preori.txt,Preori.txt,242,2025-11-14T21:37:29.541068+00:00,top_folder:03_Nightfall,no
The Black Swan Accords – Daughter of the Dawn,The Nightfall Series,series,6,03_Nightfall,03_Nightfall/00_Series_Master/outline/01-The_Beginning/0-Scene_1.md,0-Scene_1.md,546,2025-11-14T21:37:29.540243+00:00,top_folder:03_Nightfall,no
The Black Swan Accords – Daughter of the Dawn,The Nightfall Series,series,6,03_Nightfall,03_Nightfall/00_Series_Master/outline/01-The_Beginning/folder.txt,folder.txt,374,2025-11-14T21:37:29.540321+00:00,top_folder:03_Nightfall,no
The Black Swan Accords – Daughter of the Dawn,The Nightfall Series,series,6,03_Nightfall,03_Nightfall/01_The_Beginning/Master.ipynb,Master.ipynb,1781,2025-11-22T01:23:39.137078+00:00,top_folder:03_Nightfall,no
The Black Swan Accords – Daughter of the Dawn,The Nightfall Series,series,6,03_Nightfall,03_Nightfall/01_The_Beginning/metadata.json,metadata.json,465,2025-11-22T01:27:05.373019+00:00,top_folder:03_Nightfall,no
The Black Swan Accords – Daughter of the Dawn,The Nightfall Series,series,6,03_Nightfall,03_Nightfall/02_The_Game/Master.ipynb,Master.ipynb,1688,2025-11-22T01:23:39.138464+00:00,top_folder:03_Nightfall,no
The Black Swan Accords – Daughter of the Dawn,The Nightfall Series,series,6,03_Nightfall,03_Nightfall/02_The_Game/metadata.json,metadata.json,442,2025-11-22T01:27:05.373204+00:00,top_folder:03_Nightfall,no
The Black Swan Accords – Daughter of the Dawn,The Nightfall Series,series,6,03_Nightfall,03_Nightfall/03_The_Drifter/Master.ipynb,Master.ipynb,1670,2025-11-22T01:23:39.139876+00:00,top_folder:03_Nightfall,no
The Black Swan Accords – Daughter of the Dawn,The Nightfall Series,series,6,03_Nightfall,03_Nightfall/03_The_Drifter/metadata.json,metadata.json,411,2025-11-22T01:27:05.373295+00:00,top_folder:03_Nightfall,no
The Black Swan Accords – Daughter of the Dawn,The Nightfall Series,series,6,03_Nightfall,03_Nightfall/04_The_Key/Master.ipynb,Master.ipynb,1783,2025-11-22T01:23:39.141280+00:00,top_folder:03_Nightfall,no
The Black Swan Accords – Daughter of the Dawn,The Nightfall Series,series,6,03_Nightfall,03_Nightfall/04_The_Key/metadata.json,metadata.json,460,2025-11-22T01:27:05.373382+00:00,top_folder:03_Nightfall,no
The Black Swan Accords – Daughter of the Dawn,The Nightfall Series,series,6,03_Nightfall,03_Nightfall/05_The_Woman/Master.ipynb,Master.ipynb,1746,2025-11-22T01:23:39.142680+00:00,top_folder:03_Nightfall,no
The Black Swan Accords – Daughter of the Dawn,The Nightfall Series,series,6,03_Nightfall,03_Nightfall/05_The_Woman/metadata.json,metadata.json,419,2025-11-22T01:27:05.373466+00:00,top_folder:03_Nightfall,no
The Black Swan Accords – Daughter of the Dawn,The Nightfall Series,series,6,03_Nightfall,03_Nightfall/06_A_Star/Master.ipynb,Master.ipynb,1806,2025-11-22T01:23:39.144068+00:00,top_folder:03_Nightfall,no
The Black Swan Accords – Daughter of the Dawn,The Nightfall Series,series,6,03_Nightfall,03_Nightfall/06_A_Star/metadata.json,metadata.json,438,2025-11-22T01:27:05.373554+00:00,top_folder:03_Nightfall,no
The Black Swan Accords – Daughter of the Dawn,The Nightfall Series,series,6,03_Nightfall,03_Nightfall/07_A_Tree/Master.ipynb,Master.ipynb,1741,2025-11-22T01:23:39.145462+00:00,top_folder:03_Nightfall,no
The Black Swan Accords – Daughter of the Dawn,The Nightfall Series,series,6,03_Nightfall,03_Nightfall/07_A_Tree/metadata.json,metadata.json,423,2025-11-22T01:27:05.373638+00:00,top_folder:03_Nightfall,no
The Black Swan Accords – Daughter of the Dawn,The Nightfall Series,series,6,03_Nightfall,03_Nightfall/08_Dawn/Master.ipynb,Master.ipynb,1817,2025-11-22T01:23:39.146862+00:00,top_folder:03_Nightfall,no
The Black Swan Accords – Daughter of the Dawn,The Nightfall Series,series,6,03_Nightfall,03_Nightfall/08_Dawn/metadata.json,metadata.json,453,2025-11-22T01:27:05.373720+00:00,top_folder:03_Nightfall,no
The Black Swan Accords – Daughter of the Dawn,Book 2 - TBD,book,3,(root),FormingTheAccords.ipynb,FormingTheAccords.ipynb,49188,2025-11-22T01:28:59.602523+00:00,default,yes
The Black Swan Accords – Daughter of the Dawn,Book 2 - TBD,book,3,(root),MANUSKRIPT,MANUSKRIPT,11,2025-11-14T21:37:29.534691+00:00,default,yes
The Black Swan Accords – Daughter of the Dawn,Book 2 - TBD,book,3,(root),Omniversal Aether_ Magnetic Map.png,Omniversal Aether_ Magnetic Map.png,2027603,2025-11-22T02:42:35.972933+00:00,default,yes
The Black Swan Accords – Daughter of the Dawn,The Unveiling Series,series,4,Omniversal_Archive_FULL,Omniversal_Archive_FULL/First_Light.msk,First_Light.msk,253590,2025-08-19T18:01:34+00:00,keyword:first_light,no
The Black Swan Accords – Daughter of the Dawn,The Unveiling Series,series,4,Omniversal_Archive_FULL,Omniversal_Archive_FULL/First_Light/MANUSKRIPT,MANUSKRIPT,1,2025-05-27T14:10:48+00:00,keyword:first_light,no
The Black Swan Accords – Daughter of the Dawn,The Unveiling Series,series,4,Omniversal_Archive_FULL,Omniversal_Archive_FULL/First_Light/characters/0-Kalina_Dodson.txt,0-Kalina_Dodson.txt,136,2025-05-27T14:13:08+00:00,keyword:first_light,no
The Black Swan Accords – Daughter of the Dawn,The Unveiling Series,series,4,Omniversal_Archive_FULL,Omniversal_Archive_FULL/First_Light/infos.txt,infos.txt,233,2025-05-27T14:11:58+00:00,keyword:first_light,no
The Black Swan Accords – Daughter of the Dawn,The Unveiling Series,series,4,Omniversal_Archive_FULL,Omniversal_Archive_FULL/First_Light/labels.txt,labels.txt,145,2025-05-27T14:10:48+00:00,keyword:first_light,no
The Black Swan Accords – Daughter of the Dawn,The Unveiling Series,series,4,Omniversal_Archive_FULL,Omniversal_Archive_FULL/First_Light/outline/.ipynb_checkpoints/00-Chapter_1-checkpoint.md,00-Chapter_1-checkpoint.md,105,2025-05-27T14:10:48+00:00,keyword:first_light,no
The Black Swan Accords – Daughter of the Dawn,The Unveiling Series,series,4,Omniversal_Archive_FULL,Omniversal_Archive_FULL/First_Light/outline/00-Chapter_1.md,00-Chapter_1.md,105,2025-05-27T14:10:48+00:00,keyword:first_light,no
The Black Swan Accords – Daughter of the Dawn,The Unveiling Series,series,4,Omniversal_Archive_FULL,Omniversal_Archive_FULL/First_Light/outline/01-Chapter_2.md,01-Chapter_2.md,105,2025-05-27T14:10:48+00:00,keyword:first_light,no
The Black Swan Accords – Daughter of the Dawn,The Unveiling Series,series,4,Omniversal_Archive_FULL,Omniversal_Archive_FULL/First_Light/outline/02-Chapter_3.md,02-Chapter_3.md,105,2025-05-27T14:10:48+00:00,keyword:first_light,no
The Black Swan Accords – Daughter of the Dawn,The Unveiling Series,series,4,Omniversal_Archive_FULL,Omniversal_Archive_FULL/First_Light/outline/03-Chapter_4.md,03-Chapter_4.md,105,2025-05-27T14:10:48+00:00,keyword:first_light,no
The Black Swan Accords – Daughter of the Dawn,The Unveiling Series,series,4,Omniversal_Archive_FULL,Omniversal_Archive_FULL/First_Light/outline/04-Chapter_5.md,04-Chapter_5.md,105,2025-05-27T14:10:48+00:00,keyword:first_light,no
The Black Swan Accords – Daughter of the Dawn,The Unveiling Series,series,4,Omniversal_Archive_FULL,Omniversal_Archive_FULL/First_Light/outline/05-Chapter_6.md,05-Chapter_6.md,105,2025-05-27T14:10:48+00:00,keyword:first_light,no
The Black Swan Accords – Daughter of the Dawn,The Unveiling Series,series,4,Omniversal_Archive_FULL,Omniversal_Archive_FULL/First_Light/outline/06-Chapter_7.md,06-Chapter_7.md,105,2025-05-27T14:10:48+00:00,keyword:first_light,no
The Black Swan Accords – Daughter of the Dawn,The Unveiling Series,series,4,Omniversal_Archive_FULL,Omniversal_Archive_FULL/First_Light/outline/07-Chapter_8.md,07-Chapter_8.md,105,2025-05-27T14:10:48+00:00,keyword:first_light,no
The Black Swan Accords – Daughter of the Dawn,The Unveiling Series,series,4,Omniversal_Archive_FULL,Omniversal_Archive_FULL/First_Light/outline/08-Chapter_9.md,08-Chapter_9.md,105,2025-05-27T14:10:48+00:00,keyword:first_light,no
The Black Swan Accords – Daughter of the Dawn,The Unveiling Series,series,4,Omniversal_Archive_FULL,Omniversal_Archive_FULL/First_Light/outline/09-Chapter_10.md,09-Chapter_10.md,107,2025-05-27T14:10:48+00:00,keyword:first_light,no
The Black Swan Accords – Daughter of the Dawn,The Unveiling Series,series,4,Omniversal_Archive_FULL,Omniversal_Archive_FULL/First_Light/outline/10-Chapter_11.md,10-Chapter_11.md,107,2025-05-27T14:10:48+00:00,keyword:first_light,no
The Black Swan Accords – Daughter of the Dawn,The Unveiling Series,series,4,Omniversal_Archive_FULL,Omniversal_Archive_FULL/First_Light/outline/11-Chapter_12.md,11-Chapter_12.md,107,2025-05-27T14:10:48+00:00,keyword:first_light,no
The Black Swan Accords – Daughter of the Dawn,The Unveiling Series,series,4,Omniversal_Archive_FULL,Omniversal_Archive_FULL/First_Light/outline/12-Chapter_13.md,12-Chapter_13.md,107,2025-05-27T14:10:48+00:00,keyword:first_light,no
The Black Swan Accords – Daughter of the Dawn,The Unveiling Series,series,4,Omniversal_Archive_FULL,Omniversal_Archive_FULL/First_Light/outline/13-Chapter_14.md,13-Chapter_14.md,107,2025-05-27T14:10:48+00:00,keyword:first_light,no
The Black Swan Accords – Daughter of the Dawn,The Unveiling Series,series,4,Omniversal_Archive_FULL,Omniversal_Archive_FULL/First_Light/outline/14-Chapter_15.md,14-Chapter_15.md,107,2025-05-27T14:10:48+00:00,keyword:first_light,no
The Black Swan Accords – Daughter of the Dawn,The Unveiling Series,series,4,Omniversal_Archive_FULL,Omniversal_Archive_FULL/First_Light/outline/15-Chapter_16.md,15-Chapter_16.md,107,2025-05-27T14:10:48+00:00,keyword:first_light,no
The Black Swan Accords – Daughter of the Dawn,The Unveiling Series,series,4,Omniversal_Archive_FULL,Omniversal_Archive_FULL/First_Light/outline/16-Chapter_17.md,16-Chapter_17.md,107,2025-05-27T14:10:48+00:00,keyword:first_light,no
The Black Swan Accords – Daughter of the Dawn,The Unveiling Series,series,4,Omniversal_Archive_FULL,Omniversal_Archive_FULL/First_Light/outline/17-Chapter_18.md,17-Chapter_18.md,107,2025-05-27T14:10:48+00:00,keyword:first_light,no
The Black Swan Accords – Daughter of the Dawn,The Unveiling Series,series,4,Omniversal_Archive_FULL,Omniversal_Archive_FULL/First_Light/outline/18-Chapter_19.md,18-Chapter_19.md,107,2025-05-27T14:10:48+00:00,keyword:first_light,no
The Black Swan Accords – Daughter of the Dawn,The Unveiling Series,series,4,Omniversal_Archive_FULL,Omniversal_Archive_FULL/First_Light/outline/19-Chapter_20.md,19-Chapter_20.md,107,2025-05-27T14:10:48+00:00,keyword:first_light,no
The Black Swan Accords – Daughter of the Dawn,The Unveiling Series,series,4,Omniversal_Archive_FULL,Omniversal_Archive_FULL/First_Light/plots.xml,plots.xml,47,2025-05-27T14:10:48+00:00,keyword:first_light,no
The Black Swan Accords – Daughter of the Dawn,The Unveiling Series,series,4,Omniversal_Archive_FULL,Omniversal_Archive_FULL/First_Light/settings.txt,settings.txt,2399,2025-05-27T14:10:48+00:00,keyword:first_light,no
The Black Swan Accords – Daughter of the Dawn,The Unveiling Series,series,4,Omniversal_Archive_FULL,Omniversal_Archive_FULL/First_Light/status.txt,status.txt,36,2025-05-27T14:10:48+00:00,keyword:first_light,no
The Black Swan Accords – Daughter of the Dawn,The Unveiling Series,series,4,Omniversal_Archive_FULL,Omniversal_Archive_FULL/First_Light/summary.txt,summary.txt,107,2025-05-27T14:12:44+00:00,keyword:first_light,no
The Black Swan Accords – Daughter of the Dawn,The Unveiling Series,series,4,Omniversal_Archive_FULL,Omniversal_Archive_FULL/First_Light/world.opml,world.opml,78,2025-05-27T14:10:48+00:00,keyword:first_light,no
The Black Swan Accords – Daughter of the Dawn,Book 2 - TBD,book,3,Omniversal_Archive_FULL,Omniversal_Archive_FULL/Joplin_Novel_Dashboard_Template2/OmniversalAether_com_Starter.zip,OmniversalAether_com_Starter.zip,814,2025-11-14T21:37:29.504090+00:00,default,yes
The Black Swan Accords – Daughter of the Dawn,Book 2 - TBD,book,3,Omniversal_Archive_FULL,Omniversal_Archive_FULL/Joplin_Novel_Dashboard_Template2/Omniversal_Aether_Notebooks/.ipynb_checkpoints/2q-dev-chat-2025-11-11-checkpoint.md,2q-dev-chat-2025-11-11-checkpoint.md,40114,2025-11-14T21:37:29.504932+00:00,default,yes
The Black Swan Accords – Daughter of the Dawn,Book 2 - TBD,book,3,Omniversal_Archive_FULL,Omniversal_Archive_FULL/Joplin_Novel_Dashboard_Template2/Omniversal_Aether_Notebooks/.ipynb_checkpoints/Backup_and_Storage-checkpoint.ipynb,Backup_and_Storage-checkpoint.ipynb,73,2025-11-14T21:37:29.505201+00:00,default,yes
The Black Swan Accords – Daughter of the Dawn,Book 2 - TBD,book,3,Omniversal_Archive_FULL,Omniversal_Archive_FULL/Joplin_Novel_Dashboard_Template2/Omniversal_Aether_Notebooks/2q-dev-chat-2025-11-11.md,2q-dev-chat-2025-11-11.md,40114,2025-11-14T21:37:29.504932+00:00,default,yes
The Black Swan Accords – Daughter of the Dawn,Book 2 - TBD,book,3,Omniversal_Archive_FULL,Omniversal_Archive_FULL/Joplin_Novel_Dashboard_Template2/Omniversal_Aether_Notebooks/Backup_and_Storage.ipynb,Backup_and_Storage.ipynb,73,2025-11-14T21:37:29.505201+00:00,default,yes
The Black Swan Accords – Daughter of the Dawn,Book 2 - TBD,book,3,Omniversal_Archive_FULL,Omniversal_Archive_FULL/Joplin_Novel_Dashboard_Template2/Omniversal_Aether_Notebooks/Domain_Drupal.ipynb,Domain_Drupal.ipynb,62,2025-11-14T21:37:29.505201+00:00,default,yes
The Black Swan Accords – Daughter of the Dawn,Book 2 - TBD,book,3,Omniversal_Archive_FULL,Omniversal_Archive_FULL/Joplin_Novel_Dashboard_Template2/Omniversal_Aether_Notebooks/Domain_Laravel.ipynb,Domain_Laravel.ipynb,64,2025-11-14T21:37:29.505201+00:00,default,yes
The Black Swan Accords – Daughter of the Dawn,Book 2 - TBD,book,3,Omniversal_Archive_FULL,Omniversal_Archive_FULL/Joplin_Novel_Dashboard_Template2/Omniversal_Aether_Notebooks/Domain_WordPress.ipynb,Domain_WordPress.ipynb,68,2025-11-14T21:37:29.505201+00:00,default,yes
The Black Swan Accords – Daughter of the Dawn,Book 2 - TBD,book,3,Omniversal_Archive_FULL,Omniversal_Archive_FULL/Joplin_Novel_Dashboard_Template2/Omniversal_Aether_Notebooks/Master_Server_Config.ipynb,Master_Server_Config.ipynb,72,2025-11-14T21:37:29.506692+00:00,default,yes
The Black Swan Accords – Daughter of the Dawn,Book 2 - TBD,book,3,Omniversal_Archive_FULL,Omniversal_Archive_FULL/Joplin_Novel_Dashboard_Template2/Omniversal_Aether_Notebooks/file_00000000a234623093f4a77b55d41a9f-362dd41d-e843-41ba-8c13-c217abdff5ae.png,file_00000000a234623093f4a77b55d41a9f-362dd41d-e843-41ba-8c13-c217abdff5ae.png,2804972,2025-11-14T21:37:29.529691+00:00,default,yes
The Black Swan Accords – Daughter of the Dawn,Book 2 - TBD,book,3,Omniversal_Archive_FULL,Omniversal_Archive_FULL/Joplin_Novel_Dashboard_Template2/Omniversal_Aether_Notebooks/q-dev-chat-2025-11-11.md,q-dev-chat-2025-11-11.md,8093,2025-11-14T21:37:29.529691+00:00,default,yes
The Black Swan Accords – Daughter of the Dawn,Book 2 - TBD,book,3,Omniversal_Archive_FULL,Omniversal_Archive_FULL/Joplin_Novel_Dashboard_Template2/Omniversal_Aether_Notebooks/q-dev-chat-2025-11-12.md,q-dev-chat-2025-11-12.md,17236,2025-11-14T21:37:29.530691+00:00,default,yes
The Black Swan Accords – Daughter of the Dawn,Book 2 - TBD,book,3,Omniversal_Archive_FULL,Omniversal_Archive_FULL/Joplin_Novel_Dashboard_Template2/archivist-wpcom-1.0.0.zip,archivist-wpcom-1.0.0.zip,2436347,2025-11-14T21:37:29.534691+00:00,default,yes
The Black Swan Accords – Daughter of the Dawn,Book 2 - TBD,book,3,Omniversal_Archive_FULL,Omniversal_Archive_FULL/Omniversal_Archive_FULL.zip,Omniversal_Archive_FULL.zip,2778,2025-11-21T22:28:31.845010+00:00,default,yes
The Black Swan Accords – Daughter of the Dawn,Book 2 - TBD,book,3,Omniversal_Archive_FULL,Omniversal_Archive_FULL/TheGame.md,TheGame.md,54609,2025-11-21T22:28:31.908101+00:00,default,yes
The Black Swan Accords – Daughter of the Dawn,VALOR Series,series,2,Omniversal_Archive_FULL,Omniversal_Archive_FULL/VALOR/.ipynb_checkpoints/Black Swan Project Checklist f11ed681497f480183a7391b165a5217-checkpoint.csv,Black Swan Project Checklist f11ed681497f480183a7391b165a5217-checkpoint.csv,2346,2025-11-08T07:35:22+00:00,keyword:valor,no
The Black Swan Accords – Daughter of the Dawn,VALOR Series,series,2,Omniversal_Archive_FULL,Omniversal_Archive_FULL/VALOR/.ipynb_checkpoints/Black Swan Project Checklist f11ed681497f480183a7391b165a5217_all-checkpoint.csv,Black Swan Project Checklist f11ed681497f480183a7391b165a5217_all-checkpoint.csv,2346,2025-11-08T07:35:22+00:00,keyword:valor,no
The Black Swan Accords – Daughter of the Dawn,VALOR Series,series,2,Omniversal_Archive_FULL,Omniversal_Archive_FULL/VALOR/.ipynb_checkpoints/DIANASWAN-checkpoint.ipynb,DIANASWAN-checkpoint.ipynb,16702,2025-11-21T21:44:08.188769+00:00,keyword:valor,no
The Black Swan Accords – Daughter of the Dawn,VALOR Series,series,2,Omniversal_Archive_FULL,Omniversal_Archive_FULL/VALOR/.ipynb_checkpoints/Expansion Notes and Systems — Black Swan Accords 8fd50265966d49dab256654b3d86099f-checkpoint.md,Expansion Notes and Systems — Black Swan Accords 8fd50265966d49dab256654b3d86099f-checkpoint.md,3182,2025-11-08T07:35:22+00:00,keyword:valor,no
The Black Swan Accords – Daughter of the Dawn,VALOR Series,series,2,Omniversal_Archive_FULL,Omniversal_Archive_FULL/VALOR/.ipynb_checkpoints/Gemini_SWAN-accords_-_Google_Docs-checkpoint.pdf,Gemini_SWAN-accords_-_Google_Docs-checkpoint.pdf,28290,2025-11-08T07:35:22+00:00,keyword:valor,no
The Black Swan Accords – Daughter of the Dawn,VALOR Series,series,2,Omniversal_Archive_FULL,Omniversal_Archive_FULL/VALOR/.ipynb_checkpoints/Makefile-checkpoint,Makefile-checkpoint,638,2025-05-28T12:50:32+00:00,keyword:valor,no
The Black Swan Accords – Daughter of the Dawn,VALOR Series,series,2,Omniversal_Archive_FULL,Omniversal_Archive_FULL/VALOR/.ipynb_checkpoints/OmniversalSkits-checkpoint.ipynb,OmniversalSkits-checkpoint.ipynb,7336,2025-11-21T21:49:23.674470+00:00,keyword:valor,no
The Black Swan Accords – Daughter of the Dawn,VALOR Series,series,2,Omniversal_Archive_FULL,Omniversal_Archive_FULL/VALOR/.ipynb_checkpoints/OutliningTheArc-checkpoint.ipynb,OutliningTheArc-checkpoint.ipynb,359643,2025-11-21T21:49:18.335509+00:00,keyword:valor,no
The Black Swan Accords – Daughter of the Dawn,VALOR Series,series,2,Omniversal_Archive_FULL,Omniversal_Archive_FULL/VALOR/.ipynb_checkpoints/ReturnOfTheBirdTribes-checkpoint.ipynb,ReturnOfTheBirdTribes-checkpoint.ipynb,72,2025-11-21T21:40:18.804433+00:00,keyword:valor,no
The Black Swan Accords – Daughter of the Dawn,VALOR Series,series,2,Omniversal_Archive_FULL,Omniversal_Archive_FULL/VALOR/.ipynb_checkpoints/TheGame-checkpoint.ipynb,TheGame-checkpoint.ipynb,59000,2025-11-21T21:00:05.302876+00:00,keyword:valor,no
The Black Swan Accords – Daughter of the Dawn,VALOR Series,series,2,Omniversal_Archive_FULL,Omniversal_Archive_FULL/VALOR/.ipynb_checkpoints/file_00000000a234623093f4a77b55d41a9f-362dd41d-e843-41ba-8c13-c217abdff5ae-checkpoint.png,file_00000000a234623093f4a77b55d41a9f-362dd41d-e843-41ba-8c13-c217abdff5ae-checkpoint.png,2804972,2025-11-21T21:32:40.078750+00:00,keyword:valor,no
The Black Swan Accords – Daughter of the Dawn,VALOR Series,series,2,Omniversal_Archive_FULL,Omniversal_Archive_FULL/VALOR/.ipynb_checkpoints/make-checkpoint.bat,make-checkpoint.bat,804,2025-05-28T12:50:32+00:00,keyword:valor,no
The Black Swan Accords – Daughter of the Dawn,VALOR Series,series,2,Omniversal_Archive_FULL,Omniversal_Archive_FULL/VALOR/2q-dev-chat-2025-11-11.md,2q-dev-chat-2025-11-11.md,40301,2025-11-21T21:33:23.285430+00:00,keyword:valor,no
The Black Swan Accords – Daughter of the Dawn,VALOR Series,series,2,Omniversal_Archive_FULL,Omniversal_Archive_FULL/VALOR/Black Swan Project Checklist f11ed681497f480183a7391b165a5217.csv,Black Swan Project Checklist f11ed681497f480183a7391b165a5217.csv,2346,2025-11-21T23:22:48.632001+00:00,keyword:valor,no
The Black Swan Accords – Daughter of the Dawn,VALOR Series,series,2,Omniversal_Archive_FULL,Omniversal_Archive_FULL/VALOR/Black Swan Project Checklist f11ed681497f480183a7391b165a5217_all.csv,Black Swan Project Checklist f11ed681497f480183a7391b165a5217_all.csv,2346,2025-11-21T21:28:45.394489+00:00,keyword:valor,no
The Black Swan Accords – Daughter of the Dawn,VALOR Series,series,2,Omniversal_Archive_FULL,Omniversal_Archive_FULL/VALOR/DIANASWAN.ipynb,DIANASWAN.ipynb,16702,2025-11-21T21:44:08.188769+00:00,keyword:valor,no
The Black Swan Accords – Daughter of the Dawn,VALOR Series,series,2,Omniversal_Archive_FULL,Omniversal_Archive_FULL/VALOR/Expansion Notes and Systems — Black Swan Accords 8fd50265966d49dab256654b3d86099f.md,Expansion Notes and Systems — Black Swan Accords 8fd50265966d49dab256654b3d86099f.md,3182,2025-11-22T07:23:12.595618+00:00,keyword:valor,no
The Black Swan Accords – Daughter of the Dawn,VALOR Series,series,2,Omniversal_Archive_FULL,Omniversal_Archive_FULL/VALOR/Expansion Notes and Systems — Black Swan Accords 8fd50265966d49dab256654b3d86099f.pdf,Expansion Notes and Systems — Black Swan Accords 8fd50265966d49dab256654b3d86099f.pdf,157665,2025-11-08T09:36:13.086070+00:00,keyword:valor,no
The Black Swan Accords – Daughter of the Dawn,VALOR Series,series,2,Omniversal_Archive_FULL,Omniversal_Archive_FULL/VALOR/Gemini_SWAN-accords.md,Gemini_SWAN-accords.md,21425,2025-11-21T21:33:15.331067+00:00,keyword:valor,no
The Black Swan Accords – Daughter of the Dawn,VALOR Series,series,2,Omniversal_Archive_FULL,Omniversal_Archive_FULL/VALOR/Gemini_SWAN-accords.pdf,Gemini_SWAN-accords.pdf,233773,2025-11-21T21:33:16.117021+00:00,keyword:valor,no
The Black Swan Accords – Daughter of the Dawn,VALOR Series,series,2,Omniversal_Archive_FULL,Omniversal_Archive_FULL/VALOR/Gemini_SWAN-accords_-_Google_Docs.pdf,Gemini_SWAN-accords_-_Google_Docs.pdf,28290,2025-11-21T21:28:45.430489+00:00,keyword:valor,no
The Black Swan Accords – Daughter of the Dawn,VALOR Series,series,2,Omniversal_Archive_FULL,Omniversal_Archive_FULL/VALOR/Makefile,Makefile,638,2025-11-21T21:28:45.344489+00:00,keyword:valor,no
The Black Swan Accords – Daughter of the Dawn,VALOR Series,series,2,Omniversal_Archive_FULL,Omniversal_Archive_FULL/VALOR/OmniversalSkits.ipynb,OmniversalSkits.ipynb,7336,2025-11-21T21:49:23.674470+00:00,keyword:valor,no
The Black Swan Accords – Daughter of the Dawn,VALOR Series,series,2,Omniversal_Archive_FULL,Omniversal_Archive_FULL/VALOR/OutliningTheArc.ipynb,OutliningTheArc.ipynb,359643,2025-11-21T21:49:18.335509+00:00,keyword:valor,no
The Black Swan Accords – Daughter of the Dawn,VALOR Series,series,2,Omniversal_Archive_FULL,Omniversal_Archive_FULL/VALOR/ReturnOfTheBirdTribes.ipynb,ReturnOfTheBirdTribes.ipynb,14996,2025-11-21T21:44:04.309798+00:00,keyword:valor,no
The Black Swan Accords – Daughter of the Dawn,VALOR Series,series,2,Omniversal_Archive_FULL,Omniversal_Archive_FULL/VALOR/Salem_Shirt_Design.png,Salem_Shirt_Design.png,1696999,2025-07-25T03:37:32+00:00,keyword:valor,no
The Black Swan Accords – Daughter of the Dawn,VALOR Series,series,2,Omniversal_Archive_FULL,Omniversal_Archive_FULL/VALOR/The Black Swan Accords 28ecc8edca4d8006bd8fd1b23c3e4e4f.md,The Black Swan Accords 28ecc8edca4d8006bd8fd1b23c3e4e4f.md,7980,2025-11-08T07:35:22+00:00,keyword:valor,no
The Black Swan Accords – Daughter of the Dawn,VALOR Series,series,2,Omniversal_Archive_FULL,Omniversal_Archive_FULL/VALOR/The Black Swan Accords 28ecc8edca4d8006bd8fd1b23c3e4e4f.pdf,The Black Swan Accords 28ecc8edca4d8006bd8fd1b23c3e4e4f.pdf,134097,2025-11-08T09:36:25.473761+00:00,keyword:valor,no
The Black Swan Accords – Daughter of the Dawn,VALOR Series,series,2,Omniversal_Archive_FULL,Omniversal_Archive_FULL/VALOR/The Black Swan Accords.pdf,The Black Swan Accords.pdf,4551389,2025-11-21T21:33:23.328430+00:00,keyword:valor,no
The Black Swan Accords – Daughter of the Dawn,VALOR Series,series,2,Omniversal_Archive_FULL,Omniversal_Archive_FULL/VALOR/TheGame.ipynb,TheGame.ipynb,59000,2025-11-21T21:28:45.432488+00:00,keyword:valor,no
The Black Swan Accords – Daughter of the Dawn,VALOR Series,series,2,Omniversal_Archive_FULL,Omniversal_Archive_FULL/VALOR/TheLastSunSpeaker/DaughterOfBloodAndShadow/MANUSKRIPT,MANUSKRIPT,11,2025-11-12T14:04:52+00:00,keyword:valor,no
The Black Swan Accords – Daughter of the Dawn,VALOR Series,series,2,Omniversal_Archive_FULL,Omniversal_Archive_FULL/VALOR/TheLastSunSpeaker/DaughterOfBloodAndShadow/TheArtOfSunSpeaking-main/README.md,README.md,2200,2025-07-03T21:59:14+00:00,keyword:valor,no
The Black Swan Accords – Daughter of the Dawn,VALOR Series,series,2,Omniversal_Archive_FULL,Omniversal_Archive_FULL/VALOR/TheLastSunSpeaker/DaughterOfBloodAndShadow/TheArtOfSunSpeaking-main/docs/README.md,README.md,88,2025-07-03T21:59:14+00:00,keyword:valor,no
The Black Swan Accords – Daughter of the Dawn,VALOR Series,series,2,Omniversal_Archive_FULL,Omniversal_Archive_FULL/VALOR/TheLastSunSpeaker/DaughterOfBloodAndShadow/TheArtOfSunSpeaking-main/generic readme filler,generic readme filler,88,2025-07-03T21:59:14+00:00,keyword:valor,no
The Black Swan Accords – Daughter of the Dawn,VALOR Series,series,2,Omniversal_Archive_FULL,Omniversal_Archive_FULL/VALOR/TheLastSunSpeaker/DaughterOfBloodAndShadow/TheArtOfSunSpeaking-main/gists/TheSeat.md,TheSeat.md,4975,2025-07-03T21:59:14+00:00,keyword:valor,no
The Black Swan Accords – Daughter of the Dawn,VALOR Series,series,2,Omniversal_Archive_FULL,Omniversal_Archive_FULL/VALOR/TheLastSunSpeaker/DaughterOfBloodAndShadow/TheArtOfSunSpeaking-main/logs/README.md,README.md,88,2025-07-03T21:59:14+00:00,keyword:valor,no
The Black Swan Accords – Daughter of the Dawn,VALOR Series,series,2,Omniversal_Archive_FULL,Omniversal_Archive_FULL/VALOR/TheLastSunSpeaker/DaughterOfBloodAndShadow/TheArtOfSunSpeaking-main/notebooks/README.md,README.md,88,2025-07-03T21:59:14+00:00,keyword:valor,no
The Black Swan Accords – Daughter of the Dawn,VALOR Series,series,2,Omniversal_Archive_FULL,Omniversal_Archive_FULL/VALOR/TheLastSunSpeaker/DaughterOfBloodAndShadow/TheArtOfSunSpeaking-main/scripts/README.md,README.md,88,2025-07-03T21:59:14+00:00,keyword:valor,no
The Black Swan Accords – Daughter of the Dawn,VALOR Series,series,2,Omniversal_Archive_FULL,Omniversal_Archive_FULL/VALOR/TheLastSunSpeaker/DaughterOfBloodAndShadow/TheArtOfSunSpeaking-main/summaries/README.md,README.md,88,2025-07-03T21:59:14+00:00,keyword:valor,no
The Black Swan Accords – Daughter of the Dawn,VALOR Series,series,2,Omniversal_Archive_FULL,Omniversal_Archive_FULL/VALOR/TheLastSunSpeaker/DaughterOfBloodAndShadow/characters/.ipynb_checkpoints/DaughterOfTheDawn-checkpoint.ipynb,DaughterOfTheDawn-checkpoint.ipynb,72,2025-11-22T00:05:53.154145+00:00,keyword:valor,no
The Black Swan Accords – Daughter of the Dawn,VALOR Series,series,2,Omniversal_Archive_FULL,Omniversal_Archive_FULL/VALOR/TheLastSunSpeaker/DaughterOfBloodAndShadow/characters/.ipynb_checkpoints/DaughterOfTheMoon-checkpoint.ipynb,DaughterOfTheMoon-checkpoint.ipynb,927,2025-11-22T00:11:06.726121+00:00,keyword:valor,no
The Black Swan Accords – Daughter of the Dawn,VALOR Series,series,2,Omniversal_Archive_FULL,Omniversal_Archive_FULL/VALOR/TheLastSunSpeaker/DaughterOfBloodAndShadow/characters/.ipynb_checkpoints/Diana_Swan-checkpoint.txt,Diana_Swan-checkpoint.txt,281,2025-11-12T14:04:52+00:00,keyword:valor,no
The Black Swan Accords – Daughter of the Dawn,VALOR Series,series,2,Omniversal_Archive_FULL,Omniversal_Archive_FULL/VALOR/TheLastSunSpeaker/DaughterOfBloodAndShadow/characters/Brian_McCord.txt,Brian_McCord.txt,310,2025-11-12T14:04:52+00:00,keyword:valor,no
The Black Swan Accords – Daughter of the Dawn,VALOR Series,series,2,Omniversal_Archive_FULL,Omniversal_Archive_FULL/VALOR/TheLastSunSpeaker/DaughterOfBloodAndShadow/characters/DaughterOfTheDawn.ipynb,DaughterOfTheDawn.ipynb,33794,2025-11-22T00:08:49.184021+00:00,keyword:valor,no
The Black Swan Accords – Daughter of the Dawn,VALOR Series,series,2,Omniversal_Archive_FULL,Omniversal_Archive_FULL/VALOR/TheLastSunSpeaker/DaughterOfBloodAndShadow/characters/DaughterOfTheMoon.ipynb,DaughterOfTheMoon.ipynb,927,2025-11-22T00:11:06.726121+00:00,keyword:valor,no
The Black Swan Accords – Daughter of the Dawn,VALOR Series,series,2,Omniversal_Archive_FULL,Omniversal_Archive_FULL/VALOR/TheLastSunSpeaker/DaughterOfBloodAndShadow/characters/Diana_Swan.txt,Diana_Swan.txt,281,2025-11-12T14:04:52+00:00,keyword:valor,no
The Black Swan Accords – Daughter of the Dawn,VALOR Series,series,2,Omniversal_Archive_FULL,Omniversal_Archive_FULL/VALOR/TheLastSunSpeaker/DaughterOfBloodAndShadow/characters/Gareth.txt,Gareth.txt,325,2025-11-12T14:04:52+00:00,keyword:valor,no
The Black Swan Accords – Daughter of the Dawn,VALOR Series,series,2,Omniversal_Archive_FULL,Omniversal_Archive_FULL/VALOR/TheLastSunSpeaker/DaughterOfBloodAndShadow/characters/Kalina.txt,Kalina.txt,300,2025-11-12T14:04:52+00:00,keyword:valor,no
The Black Swan Accords – Daughter of the Dawn,VALOR Series,series,2,Omniversal_Archive_FULL,Omniversal_Archive_FULL/VALOR/TheLastSunSpeaker/DaughterOfBloodAndShadow/characters/Nastaku.txt,Nastaku.txt,253,2025-11-12T14:04:52+00:00,keyword:valor,no
The Black Swan Accords – Daughter of the Dawn,VALOR Series,series,2,Omniversal_Archive_FULL,Omniversal_Archive_FULL/VALOR/TheLastSunSpeaker/DaughterOfBloodAndShadow/characters/Preori.txt,Preori.txt,242,2025-11-12T14:04:52+00:00,keyword:valor,no
The Black Swan Accords – Daughter of the Dawn,VALOR Series,series,2,Omniversal_Archive_FULL,Omniversal_Archive_FULL/VALOR/TheLastSunSpeaker/DaughterOfBloodAndShadow/characters/Selene.txt,Selene.txt,374,2025-11-12T14:04:52+00:00,keyword:valor,no
The Black Swan Accords – Daughter of the Dawn,VALOR Series,series,2,Omniversal_Archive_FULL,Omniversal_Archive_FULL/VALOR/TheLastSunSpeaker/DaughterOfBloodAndShadow/infos.txt,infos.txt,245,2025-11-12T14:04:52+00:00,keyword:valor,no
The Black Swan Accords – Daughter of the Dawn,VALOR Series,series,2,Omniversal_Archive_FULL,Omniversal_Archive_FULL/VALOR/TheLastSunSpeaker/DaughterOfBloodAndShadow/labels.txt,labels.txt,44,2025-11-12T14:04:52+00:00,keyword:valor,no
The Black Swan Accords – Daughter of the Dawn,The Unveiling Series,series,4,Omniversal_Archive_FULL,Omniversal_Archive_FULL/VALOR/TheLastSunSpeaker/DaughterOfBloodAndShadow/outline/01-The_Sword_at_First_Light/0-Scene_1.md,0-Scene_1.md,621,2025-11-12T14:04:52+00:00,keyword:first_light,no
The Black Swan Accords – Daughter of the Dawn,The Unveiling Series,series,4,Omniversal_Archive_FULL,Omniversal_Archive_FULL/VALOR/TheLastSunSpeaker/DaughterOfBloodAndShadow/outline/01-The_Sword_at_First_Light/1-Scene_2.md,1-Scene_2.md,542,2025-11-12T14:04:52+00:00,keyword:first_light,no
The Black Swan Accords – Daughter of the Dawn,The Unveiling Series,series,4,Omniversal_Archive_FULL,Omniversal_Archive_FULL/VALOR/TheLastSunSpeaker/DaughterOfBloodAndShadow/outline/01-The_Sword_at_First_Light/2-Scene_3.md,2-Scene_3.md,624,2025-11-12T14:04:52+00:00,keyword:first_light,no
The Black Swan Accords – Daughter of the Dawn,The Unveiling Series,series,4,Omniversal_Archive_FULL,Omniversal_Archive_FULL/VALOR/TheLastSunSpeaker/DaughterOfBloodAndShadow/outline/01-The_Sword_at_First_Light/3-Scene_4.md,3-Scene_4.md,560,2025-11-12T14:04:52+00:00,keyword:first_light,no
The Black Swan Accords – Daughter of the Dawn,The Unveiling Series,series,4,Omniversal_Archive_FULL,Omniversal_Archive_FULL/VALOR/TheLastSunSpeaker/DaughterOfBloodAndShadow/outline/01-The_Sword_at_First_Light/4-Scene_5.md,4-Scene_5.md,487,2025-11-12T14:04:52+00:00,keyword:first_light,no
The Black Swan Accords – Daughter of the Dawn,The Unveiling Series,series,4,Omniversal_Archive_FULL,Omniversal_Archive_FULL/VALOR/TheLastSunSpeaker/DaughterOfBloodAndShadow/outline/01-The_Sword_at_First_Light/folder.txt,folder.txt,306,2025-11-12T14:04:52+00:00,keyword:first_light,no
The Black Swan Accords – Daughter of the Dawn,VALOR Series,series,2,Omniversal_Archive_FULL,Omniversal_Archive_FULL/VALOR/TheLastSunSpeaker/DaughterOfBloodAndShadow/plots.xml,plots.xml,516,2025-11-12T14:04:52+00:00,keyword:valor,no
The Black Swan Accords – Daughter of the Dawn,VALOR Series,series,2,Omniversal_Archive_FULL,Omniversal_Archive_FULL/VALOR/TheLastSunSpeaker/DaughterOfBloodAndShadow/settings.txt,settings.txt,101,2025-11-12T14:04:52+00:00,keyword:valor,no
The Black Swan Accords – Daughter of the Dawn,VALOR Series,series,2,Omniversal_Archive_FULL,Omniversal_Archive_FULL/VALOR/TheLastSunSpeaker/DaughterOfBloodAndShadow/status.txt,status.txt,254,2025-11-12T14:04:52+00:00,keyword:valor,no
The Black Swan Accords – Daughter of the Dawn,VALOR Series,series,2,Omniversal_Archive_FULL,Omniversal_Archive_FULL/VALOR/TheLastSunSpeaker/DaughterOfBloodAndShadow/summary.txt,summary.txt,586,2025-11-12T14:04:52+00:00,keyword:valor,no
The Black Swan Accords – Daughter of the Dawn,VALOR Series,series,2,Omniversal_Archive_FULL,Omniversal_Archive_FULL/VALOR/TheLastSunSpeaker/DaughterOfBloodAndShadow/world.opml,world.opml,762,2025-11-12T14:04:52+00:00,keyword:valor,no
The Black Swan Accords – Daughter of the Dawn,VALOR Series,series,2,Omniversal_Archive_FULL,Omniversal_Archive_FULL/VALOR/TheLastSunSpeaker/TheArtOfSunSpeaking-main.zip,TheArtOfSunSpeaking-main.zip,6400,2025-11-21T23:00:39.333200+00:00,keyword:valor,no
The Black Swan Accords – Daughter of the Dawn,VALOR Series,series,2,Omniversal_Archive_FULL,Omniversal_Archive_FULL/VALOR/TheLastSunSpeaker/characters/kalina.mdk,kalina.mdk,106,2025-11-19T08:23:28+00:00,keyword:valor,no
The Black Swan Accords – Daughter of the Dawn,VALOR Series,series,2,Omniversal_Archive_FULL,Omniversal_Archive_FULL/VALOR/TheLastSunSpeaker/characters/selene.mdk,selene.mdk,95,2025-11-19T08:23:28+00:00,keyword:valor,no
The Black Swan Accords – Daughter of the Dawn,VALOR Series,series,2,Omniversal_Archive_FULL,Omniversal_Archive_FULL/VALOR/TheLastSunSpeaker/characters/torvan.mdk,torvan.mdk,75,2025-11-19T08:23:28+00:00,keyword:valor,no
The Black Swan Accords – Daughter of the Dawn,VALOR Series,series,2,Omniversal_Archive_FULL,Omniversal_Archive_FULL/VALOR/TheLastSunSpeaker/factions/starwalkers.mdk,starwalkers.mdk,58,2025-11-19T08:23:28+00:00,keyword:valor,no
The Black Swan Accords – Daughter of the Dawn,VALOR Series,series,2,Omniversal_Archive_FULL,Omniversal_Archive_FULL/VALOR/TheLastSunSpeaker/locations/lauriden.mdk,lauriden.mdk,81,2025-11-19T08:23:28+00:00,keyword:valor,no
The Black Swan Accords – Daughter of the Dawn,VALOR Series,series,2,Omniversal_Archive_FULL,Omniversal_Archive_FULL/VALOR/TheLastSunSpeaker/notes/prophecies.mdk,prophecies.mdk,69,2025-11-19T08:23:28+00:00,keyword:valor,no
The Black Swan Accords – Daughter of the Dawn,The Nightfall Series,series,6,Omniversal_Archive_FULL,Omniversal_Archive_FULL/VALOR/TheLastSunSpeaker/plot/.ipynb_checkpoints/NightfallOutline-checkpoint.ipynb,NightfallOutline-checkpoint.ipynb,4933,2025-11-22T01:14:13.365395+00:00,keyword:nightfall,no
The Black Swan Accords – Daughter of the Dawn,VALOR Series,series,2,Omniversal_Archive_FULL,Omniversal_Archive_FULL/VALOR/TheLastSunSpeaker/plot/.ipynb_checkpoints/TheAeonicCycle-checkpoint.ipynb,TheAeonicCycle-checkpoint.ipynb,72,2025-11-22T00:13:17.918247+00:00,keyword:valor,no
The Black Swan Accords – Daughter of the Dawn,The Nightfall Series,series,6,Omniversal_Archive_FULL,Omniversal_Archive_FULL/VALOR/TheLastSunSpeaker/plot/NightfallOutline.ipynb,NightfallOutline.ipynb,4933,2025-11-22T01:14:13.365395+00:00,keyword:nightfall,no
The Black Swan Accords – Daughter of the Dawn,VALOR Series,series,2,Omniversal_Archive_FULL,Omniversal_Archive_FULL/VALOR/TheLastSunSpeaker/plot/TheAeonicCycle.ipynb,TheAeonicCycle.ipynb,9593,2025-11-22T00:13:32.966146+00:00,keyword:valor,no
The Black Swan Accords – Daughter of the Dawn,The Nightfall Series,series,6,Omniversal_Archive_FULL,Omniversal_Archive_FULL/VALOR/TheLastSunSpeaker/plot/nightfall.mdk,nightfall.mdk,78,2025-11-19T08:23:28+00:00,keyword:nightfall,no
The Black Swan Accords – Daughter of the Dawn,The Unveiling Series,series,4,Omniversal_Archive_FULL,Omniversal_Archive_FULL/VALOR/TheLastSunSpeaker/plot/unveiling.mdk,unveiling.mdk,98,2025-11-19T08:23:28+00:00,keyword:unveiling,no
The Black Swan Accords – Daughter of the Dawn,VALOR Series,series,2,Omniversal_Archive_FULL,Omniversal_Archive_FULL/VALOR/TheLastSunSpeaker/plot/valor.mdk,valor.mdk,90,2025-11-19T08:23:28+00:00,keyword:valor,no
The Black Swan Accords – Daughter of the Dawn,VALOR Series,series,2,Omniversal_Archive_FULL,Omniversal_Archive_FULL/VALOR/TheLastSunSpeaker/relics/soulblade.mdk,soulblade.mdk,64,2025-11-19T08:23:28+00:00,keyword:valor,no
The Black Swan Accords – Daughter of the Dawn,VALOR Series,series,2,Omniversal_Archive_FULL,Omniversal_Archive_FULL/VALOR/TheLastSunSpeaker/world/cosmology.mdk,cosmology.mdk,200,2025-11-19T08:23:28+00:00,keyword:valor,no
The Black Swan Accords – Daughter of the Dawn,VALOR Series,series,2,Omniversal_Archive_FULL,Omniversal_Archive_FULL/VALOR/TheLastSunSpeaker/world/dreamstate.mdk,dreamstate.mdk,78,2025-11-19T08:23:28+00:00,keyword:valor,no
The Black Swan Accords – Daughter of the Dawn,VALOR Series,series,2,Omniversal_Archive_FULL,Omniversal_Archive_FULL/VALOR/TheLastSunSpeaker/world/epochs.mdk,epochs.mdk,168,2025-11-19T08:23:28+00:00,keyword:valor,no
The Black Swan Accords – Daughter of the Dawn,VALOR Series,series,2,Omniversal_Archive_FULL,Omniversal_Archive_FULL/VALOR/When First They Came - Comprehensive Outline.docx,When First They Came - Comprehensive Outline.docx,15199,2025-11-21T21:33:21.897345+00:00,keyword:valor,no
The Black Swan Accords – Daughter of the Dawn,VALOR Series,series,2,Omniversal_Archive_FULL,Omniversal_Archive_FULL/VALOR/characters/Brian_McCord.txt,Brian_McCord.txt,310,2025-11-12T14:04:52+00:00,keyword:valor,no
The Black Swan Accords – Daughter of the Dawn,VALOR Series,series,2,Omniversal_Archive_FULL,Omniversal_Archive_FULL/VALOR/characters/Diana_Swan.txt,Diana_Swan.txt,281,2025-11-12T14:04:52+00:00,keyword:valor,no
The Black Swan Accords – Daughter of the Dawn,VALOR Series,series,2,Omniversal_Archive_FULL,Omniversal_Archive_FULL/VALOR/characters/Gareth.txt,Gareth.txt,325,2025-11-12T14:04:52+00:00,keyword:valor,no
The Black Swan Accords – Daughter of the Dawn,VALOR Series,series,2,Omniversal_Archive_FULL,Omniversal_Archive_FULL/VALOR/characters/Kalina.txt,Kalina.txt,300,2025-11-12T14:04:52+00:00,keyword:valor,no
The Black Swan Accords – Daughter of the Dawn,VALOR Series,series,2,Omniversal_Archive_FULL,Omniversal_Archive_FULL/VALOR/characters/Nastaku.txt,Nastaku.txt,253,2025-11-12T14:04:52+00:00,keyword:valor,no
The Black Swan Accords – Daughter of the Dawn,VALOR Series,series,2,Omniversal_Archive_FULL,Omniversal_Archive_FULL/VALOR/characters/Preori.txt,Preori.txt,242,2025-11-12T14:04:52+00:00,keyword:valor,no
The Black Swan Accords – Daughter of the Dawn,VALOR Series,series,2,Omniversal_Archive_FULL,Omniversal_Archive_FULL/VALOR/characters/Selene.txt,Selene.txt,374,2025-11-12T14:04:52+00:00,keyword:valor,no
The Black Swan Accords – Daughter of the Dawn,VALOR Series,series,2,Omniversal_Archive_FULL,Omniversal_Archive_FULL/VALOR/everlight_valor_project.zip,everlight_valor_project.zip,7359,2025-11-14T21:37:29.541904+00:00,keyword:valor,no
The Black Swan Accords – Daughter of the Dawn,VALOR Series,series,2,Omniversal_Archive_FULL,Omniversal_Archive_FULL/VALOR/file_00000000a234623093f4a77b55d41a9f-362dd41d-e843-41ba-8c13-c217abdff5ae.png,file_00000000a234623093f4a77b55d41a9f-362dd41d-e843-41ba-8c13-c217abdff5ae.png,2804972,2025-11-21T21:33:15.512488+00:00,keyword:valor,no
The Black Swan Accords – Daughter of the Dawn,VALOR Series,series,2,Omniversal_Archive_FULL,Omniversal_Archive_FULL/VALOR/make.bat,make.bat,804,2025-11-21T21:28:45.377489+00:00,keyword:valor,no
The Black Swan Accords – Daughter of the Dawn,VALOR Series,series,2,Omniversal_Archive_FULL,Omniversal_Archive_FULL/VALOR/outline/.ipynb_checkpoints/plots-checkpoint.xml,plots-checkpoint.xml,516,2025-11-12T14:04:52+00:00,keyword:valor,no
The Black Swan Accords – Daughter of the Dawn,VALOR Series,series,2,Omniversal_Archive_FULL,Omniversal_Archive_FULL/VALOR/outline/.ipynb_checkpoints/summary-checkpoint.txt,summary-checkpoint.txt,586,2025-11-12T14:04:52+00:00,keyword:valor,no
The Black Swan Accords – Daughter of the Dawn,VALOR Series,series,2,Omniversal_Archive_FULL,Omniversal_Archive_FULL/VALOR/outline/.ipynb_checkpoints/world-checkpoint.opml,world-checkpoint.opml,762,2025-11-12T14:04:52+00:00,keyword:valor,no
The Black Swan Accords – Daughter of the Dawn,The Unveiling Series,series,4,Omniversal_Archive_FULL,Omniversal_Archive_FULL/VALOR/outline/01-The_Sword_at_First_Light/.ipynb_checkpoints/0-Scene_1-checkpoint.md,0-Scene_1-checkpoint.md,621,2025-11-12T14:04:52+00:00,keyword:first_light,no
The Black Swan Accords – Daughter of the Dawn,The Unveiling Series,series,4,Omniversal_Archive_FULL,Omniversal_Archive_FULL/VALOR/outline/01-The_Sword_at_First_Light/.ipynb_checkpoints/1-Scene_2-checkpoint.md,1-Scene_2-checkpoint.md,542,2025-11-12T14:04:52+00:00,keyword:first_light,no
The Black Swan Accords – Daughter of the Dawn,The Unveiling Series,series,4,Omniversal_Archive_FULL,Omniversal_Archive_FULL/VALOR/outline/01-The_Sword_at_First_Light/.ipynb_checkpoints/2-Scene_3-checkpoint.md,2-Scene_3-checkpoint.md,624,2025-11-12T14:04:52+00:00,keyword:first_light,no
The Black Swan Accords – Daughter of the Dawn,The Unveiling Series,series,4,Omniversal_Archive_FULL,Omniversal_Archive_FULL/VALOR/outline/01-The_Sword_at_First_Light/.ipynb_checkpoints/3-Scene_4-checkpoint.md,3-Scene_4-checkpoint.md,560,2025-11-12T14:04:52+00:00,keyword:first_light,no
The Black Swan Accords – Daughter of the Dawn,The Unveiling Series,series,4,Omniversal_Archive_FULL,Omniversal_Archive_FULL/VALOR/outline/01-The_Sword_at_First_Light/.ipynb_checkpoints/4-Scene_5-checkpoint.md,4-Scene_5-checkpoint.md,487,2025-11-12T14:04:52+00:00,keyword:first_light,no
The Black Swan Accords – Daughter of the Dawn,The Unveiling Series,series,4,Omniversal_Archive_FULL,Omniversal_Archive_FULL/VALOR/outline/01-The_Sword_at_First_Light/.ipynb_checkpoints/folder-checkpoint.txt,folder-checkpoint.txt,306,2025-11-12T14:04:52+00:00,keyword:first_light,no
The Black Swan Accords – Daughter of the Dawn,The Unveiling Series,series,4,Omniversal_Archive_FULL,Omniversal_Archive_FULL/VALOR/outline/01-The_Sword_at_First_Light/0-Scene_1.md,0-Scene_1.md,2858,2025-11-21T22:24:46.473595+00:00,keyword:first_light,no
The Black Swan Accords – Daughter of the Dawn,The Unveiling Series,series,4,Omniversal_Archive_FULL,Omniversal_Archive_FULL/VALOR/outline/01-The_Sword_at_First_Light/1-Scene_2.md,1-Scene_2.md,542,2025-11-12T14:04:52+00:00,keyword:first_light,no
The Black Swan Accords – Daughter of the Dawn,The Unveiling Series,series,4,Omniversal_Archive_FULL,Omniversal_Archive_FULL/VALOR/outline/01-The_Sword_at_First_Light/2-Scene_3.md,2-Scene_3.md,624,2025-11-21T22:27:38.145389+00:00,keyword:first_light,no
The Black Swan Accords – Daughter of the Dawn,The Unveiling Series,series,4,Omniversal_Archive_FULL,Omniversal_Archive_FULL/VALOR/outline/01-The_Sword_at_First_Light/3-Scene_4.md,3-Scene_4.md,560,2025-11-21T22:27:38.156389+00:00,keyword:first_light,no
The Black Swan Accords – Daughter of the Dawn,The Unveiling Series,series,4,Omniversal_Archive_FULL,Omniversal_Archive_FULL/VALOR/outline/01-The_Sword_at_First_Light/4-Scene_5.md,4-Scene_5.md,487,2025-11-12T14:04:52+00:00,keyword:first_light,no
The Black Swan Accords – Daughter of the Dawn,The Unveiling Series,series,4,Omniversal_Archive_FULL,Omniversal_Archive_FULL/VALOR/outline/01-The_Sword_at_First_Light/folder.txt,folder.txt,3170,2025-11-21T22:27:38.151389+00:00,keyword:first_light,no
The Black Swan Accords – Daughter of the Dawn,VALOR Series,series,2,Omniversal_Archive_FULL,Omniversal_Archive_FULL/VALOR/outline/plots.xml,plots.xml,516,2025-11-21T21:28:45.333489+00:00,keyword:valor,no
The Black Swan Accords – Daughter of the Dawn,VALOR Series,series,2,Omniversal_Archive_FULL,Omniversal_Archive_FULL/VALOR/outline/summary.txt,summary.txt,586,2025-11-21T21:28:45.349489+00:00,keyword:valor,no
The Black Swan Accords – Daughter of the Dawn,VALOR Series,series,2,Omniversal_Archive_FULL,Omniversal_Archive_FULL/VALOR/outline/world.opml,world.opml,762,2025-11-21T21:28:45.362489+00:00,keyword:valor,no
The Black Swan Accords – Daughter of the Dawn,VALOR Series,series,2,Omniversal_Archive_FULL,Omniversal_Archive_FULL/VALOR/q-dev-chat-2025-11-11.md,q-dev-chat-2025-11-11.md,8093,2025-11-21T21:33:18.977462+00:00,keyword:valor,no
The Black Swan Accords – Daughter of the Dawn,VALOR Series,series,2,Omniversal_Archive_FULL,Omniversal_Archive_FULL/VALOR/q-dev-chat-2025-11-12.md,q-dev-chat-2025-11-12.md,17269,2025-11-21T21:33:19.436260+00:00,keyword:valor,no
The Black Swan Accords – Daughter of the Dawn,VALOR Series,series,2,Omniversal_Archive_FULL,Omniversal_Archive_FULL/VALOR/source/.ipynb_checkpoints/MANUSKRIPT-checkpoint,MANUSKRIPT-checkpoint,11,2025-11-12T14:04:52+00:00,keyword:valor,no
The Black Swan Accords – Daughter of the Dawn,VALOR Series,series,2,Omniversal_Archive_FULL,Omniversal_Archive_FULL/VALOR/source/.ipynb_checkpoints/conf-checkpoint.py,conf-checkpoint.py,930,2025-05-28T12:52:52+00:00,keyword:valor,no
The Black Swan Accords – Daughter of the Dawn,VALOR Series,series,2,Omniversal_Archive_FULL,Omniversal_Archive_FULL/VALOR/source/.ipynb_checkpoints/index-checkpoint.rst,index-checkpoint.rst,492,2025-05-28T12:50:32+00:00,keyword:valor,no
The Black Swan Accords – Daughter of the Dawn,VALOR Series,series,2,Omniversal_Archive_FULL,Omniversal_Archive_FULL/VALOR/source/.ipynb_checkpoints/infos-checkpoint.txt,infos-checkpoint.txt,245,2025-11-12T14:04:52+00:00,keyword:valor,no
The Black Swan Accords – Daughter of the Dawn,VALOR Series,series,2,Omniversal_Archive_FULL,Omniversal_Archive_FULL/VALOR/source/.ipynb_checkpoints/labels-checkpoint.txt,labels-checkpoint.txt,44,2025-11-12T14:04:52+00:00,keyword:valor,no
The Black Swan Accords – Daughter of the Dawn,VALOR Series,series,2,Omniversal_Archive_FULL,Omniversal_Archive_FULL/VALOR/source/.ipynb_checkpoints/settings-checkpoint.txt,settings-checkpoint.txt,101,2025-11-12T14:04:52+00:00,keyword:valor,no
The Black Swan Accords – Daughter of the Dawn,VALOR Series,series,2,Omniversal_Archive_FULL,Omniversal_Archive_FULL/VALOR/source/.ipynb_checkpoints/status-checkpoint.txt,status-checkpoint.txt,254,2025-11-12T14:04:52+00:00,keyword:valor,no
The Black Swan Accords – Daughter of the Dawn,VALOR Series,series,2,Omniversal_Archive_FULL,Omniversal_Archive_FULL/VALOR/source/MANUSKRIPT,MANUSKRIPT,11,2025-11-21T21:28:45.302680+00:00,keyword:valor,no
The Black Swan Accords – Daughter of the Dawn,VALOR Series,series,2,Omniversal_Archive_FULL,Omniversal_Archive_FULL/VALOR/source/conf.py,conf.py,930,2025-11-21T21:28:45.372066+00:00,keyword:valor,no
The Black Swan Accords – Daughter of the Dawn,VALOR Series,series,2,Omniversal_Archive_FULL,Omniversal_Archive_FULL/VALOR/source/index.rst,index.rst,492,2025-11-21T21:28:45.357026+00:00,keyword:valor,no
The Black Swan Accords – Daughter of the Dawn,VALOR Series,series,2,Omniversal_Archive_FULL,Omniversal_Archive_FULL/VALOR/source/infos.txt,infos.txt,245,2025-11-21T22:27:38.119389+00:00,keyword:valor,no
The Black Swan Accords – Daughter of the Dawn,VALOR Series,series,2,Omniversal_Archive_FULL,Omniversal_Archive_FULL/VALOR/source/labels.txt,labels.txt,44,2025-11-21T21:28:45.308490+00:00,keyword:valor,no
The Black Swan Accords – Daughter of the Dawn,VALOR Series,series,2,Omniversal_Archive_FULL,Omniversal_Archive_FULL/VALOR/source/settings.txt,settings.txt,101,2025-11-21T21:28:45.383489+00:00,keyword:valor,no
The Black Swan Accords – Daughter of the Dawn,VALOR Series,series,2,Omniversal_Archive_FULL,Omniversal_Archive_FULL/VALOR/source/status.txt,status.txt,254,2025-11-21T22:27:38.140389+00:00,keyword:valor,no
The Black Swan Accords – Daughter of the Dawn,Book 2 - TBD,book,3,Omniversal_Archive_FULL,Omniversal_Archive_FULL/characters/kalina.mdk,kalina.mdk,106,2025-11-19T08:23:28+00:00,default,yes
The Black Swan Accords – Daughter of the Dawn,Book 2 - TBD,book,3,Omniversal_Archive_FULL,Omniversal_Archive_FULL/characters/selene.mdk,selene.mdk,95,2025-11-19T08:23:28+00:00,default,yes
The Black Swan Accords – Daughter of the Dawn,Book 2 - TBD,book,3,Omniversal_Archive_FULL,Omniversal_Archive_FULL/characters/torvan.mdk,torvan.mdk,75,2025-11-19T08:23:28+00:00,default,yes
The Black Swan Accords – Daughter of the Dawn,Book 2 - TBD,book,3,Omniversal_Archive_FULL,Omniversal_Archive_FULL/factions/starwalkers.mdk,starwalkers.mdk,58,2025-11-19T08:23:28+00:00,default,yes
The Black Swan Accords – Daughter of the Dawn,Book 2 - TBD,book,3,Omniversal_Archive_FULL,Omniversal_Archive_FULL/locations/lauriden.mdk,lauriden.mdk,81,2025-11-19T08:23:28+00:00,default,yes
The Black Swan Accords – Daughter of the Dawn,Book 2 - TBD,book,3,Omniversal_Archive_FULL,Omniversal_Archive_FULL/notes/prophecies.mdk,prophecies.mdk,69,2025-11-19T08:23:28+00:00,default,yes
The Black Swan Accords – Daughter of the Dawn,The Nightfall Series,series,6,Omniversal_Archive_FULL,Omniversal_Archive_FULL/plot/nightfall.mdk,nightfall.mdk,78,2025-11-19T08:23:28+00:00,keyword:nightfall,no
The Black Swan Accords – Daughter of the Dawn,The Unveiling Series,series,4,Omniversal_Archive_FULL,Omniversal_Archive_FULL/plot/unveiling.mdk,unveiling.mdk,98,2025-11-19T08:23:28+00:00,keyword:unveiling,no
The Black Swan Accords – Daughter of the Dawn,VALOR Series,series,2,Omniversal_Archive_FULL,Omniversal_Archive_FULL/plot/valor.mdk,valor.mdk,90,2025-11-19T08:23:28+00:00,keyword:valor,no
The Black Swan Accords – Daughter of the Dawn,Book 2 - TBD,book,3,Omniversal_Archive_FULL,Omniversal_Archive_FULL/relics/soulblade.mdk,soulblade.mdk,64,2025-11-19T08:23:28+00:00,default,yes
The Black Swan Accords – Daughter of the Dawn,Book 2 - TBD,book,3,Omniversal_Archive_FULL,Omniversal_Archive_FULL/world/cosmology.mdk,cosmology.mdk,200,2025-11-19T08:23:28+00:00,default,yes
The Black Swan Accords – Daughter of the Dawn,Book 2 - TBD,book,3,Omniversal_Archive_FULL,Omniversal_Archive_FULL/world/dreamstate.mdk,dreamstate.mdk,78,2025-11-19T08:23:28+00:00,default,yes
The Black Swan Accords – Daughter of the Dawn,Book 2 - TBD,book,3,Omniversal_Archive_FULL,Omniversal_Archive_FULL/world/epochs.mdk,epochs.mdk,168,2025-11-19T08:23:28+00:00,default,yes
The Black Swan Accords – Daughter of the Dawn,Book 2 - TBD,book,3,(root),blackswan.txt,blackswan.txt,4518,2025-11-22T07:23:12.661017+00:00,default,yes
The Black Swan Accords – Daughter of the Dawn,Book 2 - TBD,book,3,characters,characters/Brian_McCord.txt,Brian_McCord.txt,310,2025-11-14T21:37:29.541457+00:00,default,yes
The Black Swan Accords – Daughter of the Dawn,Book 2 - TBD,book,3,characters,characters/Diana_Swan.txt,Diana_Swan.txt,281,2025-11-14T21:37:29.541904+00:00,default,yes
The Black Swan Accords – Daughter of the Dawn,Book 2 - TBD,book,3,characters,characters/Gareth.txt,Gareth.txt,325,2025-11-14T21:37:29.541904+00:00,default,yes
The Black Swan Accords – Daughter of the Dawn,Book 2 - TBD,book,3,characters,characters/Kalina.txt,Kalina.txt,300,2025-11-14T21:37:29.541904+00:00,default,yes
The Black Swan Accords – Daughter of the Dawn,Book 2 - TBD,book,3,characters,characters/Nastaku.txt,Nastaku.txt,253,2025-11-14T21:37:29.541904+00:00,default,yes
The Black Swan Accords – Daughter of the Dawn,Book 2 - TBD,book,3,characters,characters/Preori.txt,Preori.txt,242,2025-11-14T21:37:29.541904+00:00,default,yes
The Black Swan Accords – Daughter of the Dawn,Book 2 - TBD,book,3,characters,characters/Selene.txt,Selene.txt,374,2025-11-14T21:37:29.541904+00:00,default,yes
The Black Swan Accords – Daughter of the Dawn,Book 2 - TBD,book,3,(root),infos.txt,infos.txt,245,2025-11-14T21:37:29.541904+00:00,default,yes
The Black Swan Accords – Daughter of the Dawn,Book 2 - TBD,book,3,(root),labels.txt,labels.txt,44,2025-11-14T21:37:29.541904+00:00,default,yes
The Black Swan Accords – Daughter of the Dawn,Book 2 - TBD,book,3,(root),newtree.txt,newtree.txt,4180,2025-11-15T10:56:38.376935+00:00,default,yes
The Black Swan Accords – Daughter of the Dawn,The Unveiling Series,series,4,outline,outline/01-The_Sword_at_First_Light/0-Scene_1.md,0-Scene_1.md,621,2025-11-14T21:37:29.542351+00:00,keyword:first_light,no
The Black Swan Accords – Daughter of the Dawn,The Unveiling Series,series,4,outline,outline/01-The_Sword_at_First_Light/1-Scene_2.md,1-Scene_2.md,542,2025-11-14T21:37:29.542433+00:00,keyword:first_light,no
The Black Swan Accords – Daughter of the Dawn,The Unveiling Series,series,4,outline,outline/01-The_Sword_at_First_Light/2-Scene_3.md,2-Scene_3.md,624,2025-11-14T21:37:29.542433+00:00,keyword:first_light,no
The Black Swan Accords – Daughter of the Dawn,The Unveiling Series,series,4,outline,outline/01-The_Sword_at_First_Light/3-Scene_4.md,3-Scene_4.md,560,2025-11-14T21:37:29.542433+00:00,keyword:first_light,no
The Black Swan Accords – Daughter of the Dawn,The Unveiling Series,series,4,outline,outline/01-The_Sword_at_First_Light/4-Scene_5.md,4-Scene_5.md,487,2025-11-14T21:37:29.542433+00:00,keyword:first_light,no
The Black Swan Accords – Daughter of the Dawn,The Unveiling Series,series,4,outline,outline/01-The_Sword_at_First_Light/folder.txt,folder.txt,306,2025-11-14T21:37:29.542433+00:00,keyword:first_light,no
The Black Swan Accords – Daughter of the Dawn,Book 2 - TBD,book,3,(root),plots.xml,plots.xml,516,2025-11-14T21:37:29.542433+00:00,default,yes
The Black Swan Accords – Daughter of the Dawn,Book 2 - TBD,book,3,(root),resultingtree.txt,resultingtree.txt,10424,2025-11-15T11:43:02.605671+00:00,default,yes
The Black Swan Accords – Daughter of the Dawn,Book 2 - TBD,book,3,(root),settings.txt,settings.txt,110,2025-11-15T10:26:56.767136+00:00,default,yes
The Black Swan Accords – Daughter of the Dawn,Book 2 - TBD,book,3,(root),status.txt,status.txt,254,2025-11-14T21:37:29.542433+00:00,default,yes
The Black Swan Accords – Daughter of the Dawn,Book 2 - TBD,book,3,(root),summary.txt,summary.txt,595,2025-11-15T10:26:56.766136+00:00,default,yes
The Black Swan Accords – Daughter of the Dawn,Book 2 - TBD,book,3,(root),test_from_diana.txt,test_from_diana.txt,0,2025-11-15T10:24:27.060331+00:00,default,yes
The Black Swan Accords – Daughter of the Dawn,Book 2 - TBD,book,3,(root),world.opml,world.opml,762,2025-11-14T21:37:29.542433+00:00,default,yes
